Name of Institution,Affiliation Number,State,District,Postal Address,Pincode,Std Code,Office Phone No,Residence Phone No,Fax No,Email,Website,Year of Foundation,Date of First Opening of School,Name of Principal/Head of Institution,Sex,Principals Educational Professional Qualifications,Administrative No of Experience(in Years),Teaching No of Experience(in Years),Status of the School,Type of Affiliation,Affiliation Period From,Affiliation Period To,Name of Trust/Society/Managing Committee
carmel convent school,3630087,TELANGANA,ADILABAD,acc mancherial adilabad dt,504209,0484,"08736250051,08736-252417 ,",468434,08736252417,cjpmncl@yahoo.co.in,http://www.cmcmancherial.g,2004,6/14/2004 12:00:00 AM,jancy thomas,2,"m.a, b.ed",03,06,Secondary School,Provisional,1/4/2014,31/3/2019,carmel education society
JAWAHAR NAVODAYA VIDYALAYA,3640004,TELANGANA,ADILABAD,SIRPUR-KAGAZ NAGAR R R O CAMP TRISHUL PAHAD ADILABAD DISTT.,504296,08738,"38021 ,",62631,,,,1987,3/31/2011 12:00:00 AM,DR P SATYANARANA,1,,,,Senior Secondary,Provisional,1/4/2019,31/ 3/ 2020,NAVODAYA VIDYALAYA SAMITI
KENDRIYA VIDYALAYA,3600013,TELANGANA,ADILABAD,C C I TOWNSHIP ADILABAD ANDHRA PRADESH,504003,08732,"26503 ,",27488,,kvnadvsp9@yahoo.co.uk,,1988,4/1/1991 12:00:00 AM,P ESWARA SARMA,2,,,,Senior Secondary,Provisional,4/11/1993,31/ 3/ 2001,KENDRIYA VIDYALAYA SANGATHAN
KENDRIYA VIDYALAYA,3600020,TELANGANA,ADILABAD,"ADILABAD, OLD D.M. HOUSE, NIRMITHI KENDRAM, ADILABAD, ANDHRA PRADESH",504000,08732,"220506 ,",,,,,1994,,MR. K. VENAIAH,1,,,,Secondary School,Provisional,1/4/2014,31/3/2019,K V S
SRI USHODAYA HIGH SCHOOL,3630231,TELANGANA,ADILABAD,"A.C.C.QUARRY ROAD,MANCHERIAL.ADILABAD DIST.TELANGANA",504208,8736,"259359 ,",,9849579055,yarlagaddabalaji.mncl@gmail.com,http://sriushodayamncl.com,2003,6/12/2003 12:00:00 AM,YARLAGADDA BALAJI,,"M.Sc.,B.Ed.,",9,13,Secondary School,Provisional,1/4/2017,31/3/2020,SRI USHODAYA EDUCATIONAL SOCIETY
ST. CLARET SCHOOL,3630262,TELANGANA,ADILABAD,ST.CLARET SCHOOL KAGHAZNAGAR KAGHAZNAGAR P.O. PIN: 504296,504296,,"9492183765 ,",,,claretskzr@gmail.com,,2013,6/12/2013 12:00:00 AM,MR.JOBY THOMAS,1,"M.Sc., B.Ed.",10,12,Secondary School,Provisional,1/4/2018,31/3/2021,St. Claret Educational Society
YUVA SANGATHAN SCHOOL,3630041,TELANGANA,ADILABAD,POST OFFICE ROAD BELLAMPALLY ADILABAD ANDHRA PRADESH,504251,08735,"22122 ,",22298,,,,,,D USHA RANI,2,,,,Secondary School,Provisional,"System.InvalidCastException: Conversion from type 'DBNull' to type 'Date' is not valid. at Microsoft.VisualBasic.CompilerServices.Conversions.ToDate(Object Value) at ASP.schdir_report_appviewdir_aspx.__Render__control1(HtmlTextWriter __w, Control parameterContainer)",,"System.InvalidCastException: Conversion from type 'DBNull' to type 'Date' is not valid. at Microsoft.VisualBasic.CompilerServices.Conversions.ToDate(Object Value) at ASP.schdir_report_appviewdir_aspx.__Render__control1(HtmlTextWriter __w, Control parameterContainer)"
Academic Heights Public School,3630234,TELANGANA,HYDERABAD,"18-4-42/a, Aliabad Sahmshergunj",500053,040,"64546403 ,",,,principalahps@yahoo.com,,2015,3/26/2015 12:00:00 AM,Najmunissa Begum,,M.A M.Ed,10,12,Secondary School,Provisional,1/4/2017,31/3/2020,Athena Educational Society
AIR FORCE SCHOOL,3680005,TELANGANA,HYDERABAD,BEGUMPET AIR FORCE STATION BEGUMPET P.O HYDERABAD ANDHRA PRADESH,500011,040,"7753551 , 7753551",6507607,,,,1977,6/25/2007 12:00:00 AM,S V SARASWATHI,2,,,,Secondary School,Provisional,1/4/2014,31/3/2022,IAF EDUCATIONAL CULTURAL SOCIETY N.D
ARMY PUBLIC SCHOOL,3680008,TELANGANA,HYDERABAD,"GOLCONDA, ARTILLERY CENTRE, HYDERABAD, ANDHRA PRADESH",500031,040,"23522885 ,",,,,,,,VIDYA MURALIDHARAN,0,,,,Senior Secondary,Provisional,1/4/2014,31/ 3/ 2022,
ATOMIC ENERGY CENTRAL SCHOOL,3680007,TELANGANA,HYDERABAD,DAE COLONY ECIL PO HYDERABAD ANDHRA PRADESH,500062,040,"7123363 ,",7125759,,,,1981,7/1/1987 12:00:00 AM,M SITAMAHALAKSHMI,2,,,,Secondary School,Provisional,1/4/2015,31/3/2018,ATOMIC ENERGY EDUCATIONAL SOCIETY
ATOMIC ENERGY CENTRAL SCHOOL,3680001,TELANGANA,HYDERABAD,E C I L CAMPUS NEAR TIFR E.C.I.L. POST HYDERABAD ANDHRA PRADESH,500062,040,"7120268 , 7120131",7134301,,rkdas@nfc.ernet.in,,1973,8/12/2007 12:00:00 AM,S G BAJWA,1,,,,Senior Secondary,Provisional,1/4/2012,31/ 3/ 2020,ATOMIC ENERGY EDUCATION SOCIETY BOMBAY
Azaan International School,3630106,TELANGANA,HYDERABAD,"9-4-136, Seven Tombs road, Tolichowki Golkonda, Hyderabad",500008,,"04064509370,04024413483 ,",,04024412197,azaan.cbse@gmail.com,http://azaanschool.com,2010,7/1/2010 12:00:00 AM,Mrs.Perween Sultana Shikoh,0,"M.A., B.Ed,C.T.E.",1,18,Senior Secondary,Provisional,1/4/2017,31/ 3/ 2020,Anwar Charitable Trust
AZRA PUBLIC SCHOOL,3630024,TELANGANA,HYDERABAD,10-2-510/1 ASIF NAGAR MEHDIPATNAM MAIN ROAD HYDERABAD ANDHRA PRADESH,500028,040,"3530453 3530262 , 3530262",3010127,,azra.school@gmail.com,http://www.azrapublicscho,1984,4/12/2004 12:00:00 AM,Mrs. MUMTAZ JAHAN,2,M.A. M.Ed,10,22,Secondary School,Provisional,1/4/2018,31/3/2019,A.P. MODERN EDUCATIONAL & SOCIAL SERVICES SOCIETY
BHARATIYA VIDYA BHAVAN'S PUBLIC SCHOOL,3630007,TELANGANA,HYDERABAD,JUBILEE HILLS ROAD NO.71 HYDERABAD ANDHRA PRADESH,500033,040,"3544934 , 3600122",3548849,,bvbpsjh@rediffmail.com,,1979,6/4/2007 12:00:00 AM,C RAMADEVI,2,"M.A, B. Ed.",8,20,Senior Secondary,Provisional,1/4/2018,31/ 3/ 2023,B V BHAVAN
bharatiya vidya bhavan's vidyashram,3630030,TELANGANA,HYDERABAD,NIRD campus rajendranagar hyderabad andhra pradesh,500030,040,"4016404 , 4015001",3814856,,apbso4@rediffmail.com,,1996,4/1/2007 12:00:00 AM,v s n raju,2,ma. m.ed,23,8,Secondary School,Provisional,1/4/2019,31/3/2020,bvb's vidyashram
BHASHYAM BLOOMS SCHOOL,3630273,TELANGANA,HYDERABAD,"Sy.No. 1/AA & I/EE, 1/part, Ward No. 12, Block No. 1, Fathullaguda (V), Uppal (M), L.B.Nagar, Rangareddy Dist.",500068,,"040-29704920 ,",,,archana.t@bhashyam.in,http://www.bloomsnagole.in,2017,6/1/2017 12:00:00 AM,MRS. R KOMALI,1,"M.Sc, B.Ed",10,10,Secondary School,Provisional,1/4/2019,31/3/2022,Bhashyam Educational Society
brahm prakash d a v school,3630017,TELANGANA,HYDERABAD,midhani township kanchanbagh hyderabad andhra pradesh,500058,040,"24342036 ,",04024344882,0402434203,bpdav@indiatimes.com,bpdav@indiatimes.com,1985,6/5/2000 12:00:00 AM,mr. k.v.r.k.prasad,1,"m.sc.,m.phil.,b.ed.,pgdst",7,16,Secondary School,Provisional,1/4/2014,31/3/2019,dav college trust management societ
C A L PUBLIC SCHOOL,3630036,TELANGANA,HYDERABAD,1-50 KAPRA MAIN ROAD KAPRA HYDERABAD ANDHRA PRADESH,500762,040,"7120807 , 7123672",7731583,,chaos_ns@yahoo.com,,2001,7/1/2003 12:00:00 AM,C Inna Reddy,0,"MCA, B.Ed, B.Ph, BSC",9,,Senior Secondary,Provisional,1/4/2018,31/ 3/ 2023,"Ratlam Maruti Educational Society, Ratlam"
CHINMAYA VIDYALAYA,3630042,TELANGANA,HYDERABAD,KUNDAN BAGH BEGUM PET HYDERABAD ANDHRA PRADESH,500016,040,"3317594 ,",3747739,,pvgrao@hotmail.com,,1993,6/2/2003 12:00:00 AM,MRS SAILAJA,2,,,,Senior Secondary,Provisional,1/4/2011,31/ 3/ 2016,CHINMAYA SEWA TRUST HYDERABAD
CMR International School,3630122,TELANGANA,HYDERABAD,"173, Plassey Lane, Bowenpally SECUNDERABAD HYDERABAD BALANAGAR ANDHRA PRADESH",500011,,"04027758892 ,",,0,cmrschool@ymail.com,http://www.cmrschools.com,2010,6/12/2010 12:00:00 AM,Mrs.LIZZEY BENEDICT,0,"M.A., M.Ed",12,15,Secondary School,Provisional,1/4/2016,31/3/2021,C Malla Reddy Educational Society
CMR International School,3630148,TELANGANA,HYDERABAD,"Sy No. 163/2 & 163 & 174, Suraram Colony, Quthbullapur(M), Medchal District",500054,,"040 23097634 ,",,,mbghs2309@gmail.com,,1995,6/15/1995 12:00:00 AM,Mr.B.SWAROOPREDDY,0,"B COM, BED",18,18,Senior Secondary,Provisional,1/4/2017,31/ 3/ 2022,B.K.EDUCATINOL SOCIETY
CMR INTERNATIONAL THE SCHOOL,3630126,TELANGANA,HYDERABAD,"32-117, Shapur Nagar, Jeedimetla, Quthbullapur, Hyderabad, Telangana- 500 055",500055,,"04023094528 ,",,,swaroop4240@gmail.com,,2004,6/10/2004 12:00:00 AM,Mr.MARIA DAS,0,"MSC,BED",8,9,Secondary School,Provisional,1/4/2017,31/3/2022,MALLA REDDY EDUCATIONAL SOCIETY
D A V PUBLIC SCHOOL,3630012,TELANGANA,HYDERABAD,SANTOSHIMA NAGAR RAMAKRISHNAPURAM POST HYDERABAD ANDHRA PRADESH,500056,040,"27223721 , 7223721",04027110855,27225919,seetha_kiran@yahoo.co.in,http://www.davsafilguda.c,1983,6/6/2012 12:00:00 AM,Mrs. SEETHA KIRAN,2,"M.A, M.Ed",30,35,Senior Secondary,Provisional,1/4/2017,31/ 3/ 2022,D A V COLLEGE TRUST NEW DELHI
DAV PUBLIC SCHOOL,3630043,TELANGANA,HYDERABAD,VIVEKANAND NAGAR COLONY KUKATPALLY HYDERABAD ANDHRA PRADESH,500072,040,"3065024 ,",3064883,,bvmgiri@sanchernet.in,,1980,6/2/1997 12:00:00 AM,VASANTHA S RAMAN,1,,,,Senior Secondary,Provisional,1/4/2015,31/ 3/ 2020,KAKATIYA ACADEMY
DEFENCE LABORATORIES SCHOOL,3680004,TELANGANA,HYDERABAD,VIGNYANKANCHA RESEARCH CENTRE IMARAT (RCI) HYDERABAD ANDHRA PRADESH,500069,040,"3311880 ,",4445582,07577222731,rcischool@rediffmail.com,,1986,7/1/1987 12:00:00 AM,RITA DHALL,2,"Mphil, B.Ed, Phd",19,19,Secondary School,Provisional,1/4/2015,31/3/2020,"atomic energy education society, bo"
Defence Laboratories School,3680002,TELANGANA,HYDERABAD,kanchanbagh po hyderabad andhra pradesh,500058,040,"24340493 , 4440769",24340493-040,24340493,drdoschool1998@gmail.com,,1973,6/25/2007 12:00:00 AM,Mr. C.B. Sankara Rao,1,,,,Secondary School,Provisional,1/4/2018,31/3/2021,"drdl kanchanbagh, hyderabad"
DELHI PUBLIC SCHOOL,3630051,TELANGANA,HYDERABAD,"74, KHAJAGUDA VILLAGE GOLKONDA POST HYDERABAD AP",500008,040,"23548587 ,",,23006288,mmpsedkm@gmail.com,,2001,6/1/2002 12:00:00 AM,REKHA AGGARWALA,2,MA Bed.,2,30,Senior Secondary,Provisional,1/4/2015,31/ 3/ 2020,VIDYANANDAN EDUCATIONAL SOCIETY
"DELHI SCHOOL OF EXCELLENCE,",3630140,TELANGANA,HYDERABAD,"8-2-404/1, Road No 6, Lane Opp to GVK, Banjara Hills",500034,,"04023355345 ,",,,principal.dseb@gmail.com,http://www.delhischoolofexcellence.in,2013,4/5/2013 12:00:00 AM,Mrs.SUPARNA MEHROTRA,2,M.A. B.Ed,8,18,Secondary School,Provisional,1/4/2017,31/3/2022,SREE BALAJI EDUCATIONAL & CHARITABLE TRUST
"DR K.K.R's GOWTHAM CONCEPT SCHOOL,IIT FOUNDATION SCHOOL",3630068,TELANGANA,HYDERABAD,"OPP.MANISHA GARDENS,MOULALI-ECIL X ROADS,",500040,06152,"04032567788,04032568899 ,",22458,,kkr_gis@yahoo.co.in,http://www.gowthamconcept.net,2008,2/28/2008 12:00:00 AM,A.RATNA REDDY,2,"M.A,B.ED",4,12,Secondary School,Provisional,1/4/2017,31/3/2022,SRI GOWTHAM EDUCATIONAL SOCIETY
EURO SCHOOL,3630142,TELANGANA,HYDERABAD,"Survey No-54, Near Hotel Quality Pearl Inn, Hitech City Gachibowli Link Road, Gachibowli, Hyderabad",500032,,"040 64102882 ,",,,euroschoolhitech@gmail.com,http://www.euroschoolindia.com,2012,6/21/2012 12:00:00 AM,K. Vishnu Vandana,0,"MSc, B.Ed,D.Hed",25,10,Senior Secondary,Provisional,1/4/2018,31/ 3/ 2021,Mrs EUROSCHOOLINTERNATIONALLIMITED
Foster Billabong High International School,3630114,TELANGANA,HYDERABAD,"Saket, Phase 2, Kapra, ECIL, Hyderabad, Andhra Pradesh.",500062,,"04027141180 ,",,,fosterbillabong@gmail.com,,2012,6/18/2012 12:00:00 AM,Mrs.Josna Balaji,2,"M.A , B.Ed.",8,5,Secondary School,Provisional,1/4/2016,31/3/2021,Poosha Educational Society
Fusion International School,3630239,TELANGANA,HYDERABAD,survey no. 383,502032,040,"9989224222 ,",,,tungaturthi@hotmail.com,http://www.fusioninternationalschool.org,2009,6/2/2014 12:00:00 AM,PADMAVATHY,,"M.Sc., Ph.D., M.Ed",16,22,Secondary School,Provisional,1/4/2017,31/3/2020,FUSION EDUCATIONAL SOCIETY
Genesis International School,3630120,TELANGANA,HYDERABAD,"H.No: 1-55/98/1, Madinaguda, Miyapur,Hyderabad ? 500 049.",500049,,"040 23044672 ,",,,info@genesisintschool.com,http://www.genesisintschool.com,2008,6/6/2008 12:00:00 AM,Ms. Nalini Dadi,2,,,,Secondary School,Provisional,1/4/2016,31/3/2021,St.Paul’s Educational &Welfare Association
hindu public school,3630029,TELANGANA,HYDERABAD,sanath nagar hyderabad andhra pradesh,500018,040,"23704355 ,",9866366610,,hindu_pschool88@yahoo.com,,2000,6/25/2007 12:00:00 AM,ms.alaknanda dubey,2,"m.a., m.ed.",18,20,Senior Secondary,Provisional,1/4/2016,31/ 3/ 2021,siddharthpublichool
HOWARD PUBLIC SCHOOL,3630025,TELANGANA,HYDERABAD,3-6-568 HIMAYAT NAGAR HYDERABAD ANDHRA PRADESH,500029,040,"7630610 7634156 , 7634156",0407634156,0402763061,sashikala_ts@rediffmail.com,,1986,4/1/2005 12:00:00 AM,Mrs. Dr. T S SASHIKALA,2,"B.Sc.,M.A, M.Ed., Ph.D",21,21,Secondary School,Provisional,1/4/2014,31/3/2019,SRI SATYANARAYANA EDUCATIONAL SOCTY
IQBALIA SCHOOL,3630257,TELANGANA,HYDERABAD,"Plot no 767, Road No. 44, Next to Fernandez Hospital, Jubilee Hills, Hyderabad.",500033,,"04065345625 ,",,,iis.jhills@gmail.com,http://www.iishyderabad.com,2014,6/16/2014 12:00:00 AM,Mrs.Jwairia Saleem Haqqani,,"M.A., M.Ed",14,21,Secondary School,Provisional,1/4/2018,31/3/2021,Educational Endowment Trust
JUBILEE HILLS PUBLIC SCHOOL,3630020,TELANGANA,HYDERABAD,BLOCK - III ROAD NO. 71 JUBILEE HILLS HYDERABAD ANDHRA PRADESH,500033,040,"3548584 3607797 , 3607797",040-66881672,23550493,info@jhpublicschool.com,http://jhpublicschool.com,1986,4/1/2005 12:00:00 AM,Mrs. M. VARALAKSHMI,2,"B.Sc, B.Ed.",3,18,Senior Secondary,Provisional,1/4/2018,31/ 3/ 2019,JUBILEE HILLS EDUCATION SOCIETY
KENDRIYA VIDYALAYA,3600009,TELANGANA,HYDERABAD,A.F.S. BEGUMPET HYDERABAD ANDHRA PRADESH,500011,040,"7751560 , 7751006",7751006,0322223220,kenvidya@yahoo.com,www.kvno1afskkd.org,1982,4/1/2005 12:00:00 AM,MRS PRABHA M MULAY,2,"M.Sc , M.Ed.",05,25,Senior Secondary,Provisional,1/4/2014,31/ 3/ 2019,KENDRIYA VIDYALAYA SANGATHAN
KENDRIYA VIDYALAYA,3600011,TELANGANA,HYDERABAD,SARDAR VALLABHAI PATEL NATIONAL POLICE ACADEMY SHIVARAMPALLY HYDERABAD ANDHRA PRADESH,500052,040,"4015535 , 4015151",4013833,,,,1983,4/1/1991 12:00:00 AM,K R GOWRI DEVI,2,,,,Senior Secondary,Provisional,1/4/2016,31/ 3/ 2021,KENDRIYA VIDYALAYA SANGATHAN
KENDRIYA VIDYALAYA,3600014,TELANGANA,HYDERABAD,GACHIBOWLI HYDERABAD ANDHRA PRADESH,500133,040,"3000261 ,",3001316,,saitours@satyam.net.in,,1987,4/1/1991 12:00:00 AM,GLF.ALFRED,1,,,,Senior Secondary,Provisional,1/4/2018,31/ 3/ 2020,KENDRIYA VIDYALAYA SANGATHAN
KENDRIYA VIDYALAYA,3600021,TELANGANA,HYDERABAD,"UNIVERSITY OF HYDERABAD CAMPUS, C.R. RAO ROAD, GACHIBOWLI, HYDERABAD, ANDHRA PRADESH",500046,040,"23012200 ,",,,,,1988,,V. JAYABAL,0,,,,Senior Secondary,Provisional,1/4/2015,31/ 3/ 2020,kvs
KENDRIYA VIDYALAYA,3600005,TELANGANA,HYDERABAD,CRPF BARKAS CHANDRAYANGUTTA HYDERABAD ANDHRA PRADESH,500005,040,"4440338 ,",4441115,2580425,kv1svn@sancharnet.in,,1978,4/1/1991 12:00:00 AM,SHRI P.VISHWAKIRAN,1,m.a. ph.d. m.ed.,09,29,Senior Secondary,Provisional,1/4/2009,31/ 3/ 2014,KENDRIYA VIDYALAYA SANGATHAN
KENDRIYA VIDYALAYA,3600003,TELANGANA,HYDERABAD,KANCHAN BAGH HYDERABAD ANDHRA PRADESH,500058,040,"24340232 ,",04024342258,24340232,kvkbagh@yahoo.com,http://kvkanchanbagh.ap.i,1974,1/25/2009 12:00:00 AM,Mr. S.SUBBA REDDY,1,"M.Sc.,M.Ed.",13,32,Senior Secondary,Provisional,1/4/2017,31/ 3/ 2020,KENDRIYA VIDYALAYA SANGATHAN
KENDRIYA VIDYALAYA NO.1,3600001,TELANGANA,HYDERABAD,LANGER HOUSE GOLCONDA HYDERABAD ANDHRA PRADESH,500008,040,"23513701 ,",23514668,23513701,kvg1@gmail.com,http://kv1golconda.ap.nic,1966,1/25/2009 12:00:00 AM,MRS P V V PRASANNA,2,"Msc ,M Ed",09,19,Senior Secondary,Provisional,1/4/2015,31/ 3/ 2020,KENDRIYA VIDYALAYA SANGATHAN
KENDRIYA VIDYALAYA NO.2,3600012,TELANGANA,HYDERABAD,NANAL NAGAR X ROADS GOLCONDA HYDERABAD ANDHRA PRADESH,500008,040,"3513301 ,",7110735,,prinkv2@rediffmail.com,,1984,4/1/2005 12:00:00 AM,M VASUDEV,1,,,,Senior Secondary,Provisional,1/4/2010,31/ 3/ 2017,KENDRIYA VIDYALAYA SANGATHAN
KENDRIYA VIDYALAYA NO.1,3600002,TELANGANA,HYDERABAD,"UPPAL HYDERABAD, ANDHRA PRADESH",500039,040,"27200314 ,",27200314,27207304,kv1uppal@hotmail.com,http://kv1uppal.ap.nic.in,1972,1/25/2009 12:00:00 AM,Mr. G.Rama Rao,1,"M.Sc., M.Ed.., L.L.B.,PGD",6,12,Senior Secondary,Provisional,1/4/2018,31/ 3/ 2021,KENDRIYA VIDYALAYA SANGATHAN
KENDRIYA VIDYALAYA NO.1,3600004,TELANGANA,HYDERABAD,AIR FORCE ACADEMY DUNDIGAL HYDERABAD ANDHRA PRADESH,500043,040,"3307433 , 9285423",7730442,24340232,kv1afa@yahoo.co.in,http://kvkanchanbagh.ap.i,1971,1/25/2009 12:00:00 AM,SMT. SANDHYA RASTOGI,2,"m.sc.,m.ed.",13,32,Senior Secondary,Provisional,1/4/2007,31/ 3/ 2019,KENDRIYA VIDYALAYA SANGATHAN
kendriya vidyalaya no.2,3600015,TELANGANA,HYDERABAD,"air fce academy dundigal,hyderabad andhra pradesh",500043,08418,"254229 ,",0984649206,08418-2542,principalkv2afa@yahoo.co.in,,1986,4/1/1991 12:00:00 AM,mr. md.masood ali,1,msc geo m.phil,09,23,Senior Secondary,Provisional,1/4/2019,31/ 3/ 2024,kendriya vidyalaya sangathan
KENDRIYA VIDYALAYA NO.2,3600007,TELANGANA,HYDERABAD,SURVEY OF INDIA UPPAL HYDERABAD ANDHRA PRADESH,500039,040,"7202031 ,",7204546,,kv2uppal80@rediffmail.com,,1980,8/12/2007 12:00:00 AM,DR A LAKSHMI KUMARI,2,,,,Senior Secondary,Provisional,1/4/2015,31/ 3/ 2020,KENDRIYA VIDYALAYA SANGATHAN
LITTLE SCHOLAR SCHOOL,3630039,TELANGANA,HYDERABAD,"Door no. 7-2-A5, Sy. No.54, ward no.7, Block no.2, Sanath Nagar, Hyderabad",500018,040,"27760696 ,",04027907070,27760696,lssmyhome@gmail.com,,2010,6/14/2010 12:00:00 AM,Mrs.S.G.Sunitha,2,BSc BEd PG DipMaths,1,18,Secondary School,Provisional,1/4/2015,31/3/2020,MY HOME EDUCATIONAL SOCIETY
MAHARISHI VIDYA MANDIR,3630045,TELANGANA,HYDERABAD,"GIRISH PARK KONDAPUR HYDERABAD DISTT, ANDHRA PRADESH",500032,040,"3111247 ,",7718459,,vasanthy.parasuraman@gmail.com,,2001,7/1/1983 12:00:00 AM,MRS VASANTHY PARASURAMAN,2,,,,Senior Secondary,Provisional,1/4/2017,31/ 3/ 2022,MAHARSHI SIKSHA SANSTHAN
MAHATMA GANDHI MEMORIAL HIGH SCHOOL,3630222,TELANGANA,HYDERABAD,"MCH No. 8-3-250, Yelareddugudda, Yousufguda, Hyderabad",500045,,"04023743350 ,",,,mgmhighschoolm@gmail.com,http://www.mgmhighschool.com,2014,6/12/2014 12:00:00 AM,Mr.M.M.Naidu,,"M.A., B.Ed., MBA",21,30,Secondary School,Provisional,1/4/2017,31/3/2020,Naidu Education Centre
MANUU MODEL SCHOOL,120001,TELANGANA,HYDERABAD,"FATIMA NAGAR, FALAKNUMA, HYDERABAD, ANDHRA PRADESH",500053,040,"24473770 ,",09490463263,,kafilpatna@yahoo.co.in,,1961,,KAFIL AHMAD,1,,,,Senior Secondary,Provisional,1/4/2014,31/ 3/ 2019,
MARICA HIGH SCHOOL,3630059,TELANGANA,HYDERABAD,NIZAM COLONY TOLICHOWKI,500008,0493,"6240214 ,",0484 6520135,,ggschool@sancharnet.in,,1988,5/19/1991 12:00:00 AM,-,2,"m.a, b.ed",5,5,Secondary School,Provisional,1/4/2016,31/3/2021,gyan ganga vidyapeeth society
Mathioli Vidhya Bhavan,3630181,TELANGANA,HYDERABAD,JBS Peacock Valley,501401,8418,"200266 ,",,,mathiolividhyabhavan@gmail.com,,2008,7/14/2008 12:00:00 AM,MEENA KUMARI,2,"MA, B.Ed",22,15,Middle Class,Provisional,1/4/2016,31/3/2019,YOGASARAS EDUCATIONAL ACADEMY
MERIDIAN SCHOOL FOR BOYS & GIRLS,3630044,TELANGANA,HYDERABAD,8-2-541 ROAD NO-7 BANJARA HILLS HYDERABAD ANDHRA PRADESH,500034,040,"23420561 ,",23420562,23420564,meridian_society@rediffmail.com,http://www.meridianschool,2003,6/1/2006 12:00:00 AM,Mrs. D.USHA REDDY,2,"M.A, B.Ed MPhil",15,25,Senior Secondary,Provisional,1/4/2017,31/ 3/ 2022,MERIDIAN EDN. SOCIETY
"Meridian School, Kukatpally",3630133,TELANGANA,HYDERABAD,"VI Phase KPHB, KUKATPALLY, BALANAGR(M), RANGA REDDY DISTRICT",500072,,"040 65248003 ,",,,meridiank186@gmail.com,http://www.meridianschool.in,2008,6/18/2008 12:00:00 AM,Mrs.Geeta Shyamsundar,0,"MA, M Ed.",12,23,Secondary School,Provisional,1/4/2017,31/3/2022,Meridian Educational Society
OAKRIDGE INTERNATIONAL SCHOOL,3630048,TELANGANA,HYDERABAD,"S NO 6 & 13 KHAJAGUDA NANAKRAMGUDA ROAD GOLCONDA POST SERILINGAMPALLY MANDAL CYBERABAD, HYDERABAD,AP",500008,040,"29800111,29804111 ,",08008722255,,shaila.bhamidipati@oakridge.in,www.oakridgeinternational.com,1993,4/1/2001 12:00:00 AM,MS SESHA SHAILA BHAMIDIPATI,2,"M.Sc, B.Ed.,",5,22,Senior Secondary,Provisional,1/4/2013,31/ 3/ 2018,VIKAS EDN SOCIETY
Ocimum International School,3630183,TELANGANA,HYDERABAD,"Survey no: 72, Hasmathpet, Bowenpally, Secunderabad",500011,040,"68888989 ,",,,principalocimuminternational@gmail.com,http://www.ocimum.edu.in,2013,8/8/2013 12:00:00 AM,Shobhana Nair,0,"M.A, B.Ed.,",4,23,Secondary School,Provisional,1/4/2017,31/3/2020,Ocimum Educational Trust
Orchids the international school,3630053,TELANGANA,HYDERABAD,729 road no 36 jubliee hills hyderabad Adhnra Pradesh,500034,040,"23556601 ,",24011871,040-235566,chids_intl@yahoo.co.in,http://www.orchidsinternationalschool.com,2002,6/22/2010 12:00:00 AM,mr. b g ray,1,"m.a.,b.ed.",15,10,Secondary School,Provisional,1/4/2018,31/3/2020,sri gowtham academy of general & technical education
OXFORD GRAMMAR SCHOOL,3630100,TELANGANA,HYDERABAD,"3-6-743/2 St.No.12, Himayatnagar",500029,0498,"040-27635669 ,",604355,040-27635644,ogscbse@gmail.com,,2008,6/1/2008 12:00:00 AM,Mr.G RAMANJULA,1,MA BED,5,8,Secondary School,Provisional,1/4/2015,31/3/2020,VIKAS EDUCATIONAL ACADEMY
P OBUL REDDY PUBLIC SCHOOL,3630037,TELANGANA,HYDERABAD,ANDHRA MAHILA SABHA ROAD NO.25 JUBILEE HILLS HYDERABAD ANDHRA PRADESH,500033,040,"3548912 , 3553238",7791087,,porps@sify.com,,1990,8/12/2007 12:00:00 AM,MRS VIJAYA LAKSHMI RAMESH,2,"m.a,b.ed",05,12,Senior Secondary,Provisional,1/4/2015,31/ 3/ 2020,ANDHRA MAHILA SABHA
PANINEEYA MAHAVIDYALAYA PUBLIC SCHOOL,3630005,TELANGANA,HYDERABAD,VIVEKANANDA NAGAR DILSUKHNAGAR HYDERABAD ANDHRA PRADESH,500060,040,"4045037 , 4041339",4045037,(04288) 276516,info@spkschools.com,http://www.spkschools.com,1980,6/4/2007 12:00:00 AM,DANDI NARASIMHA SASTRY,1,"M.A., B.Ed.,",10,30,Secondary School,Provisional,1/4/2018,31/3/2019,PANINEEYA MAHAVIDYALAYA TRUST
"Pearson School,",3630177,TELANGANA,HYDERABAD,"Survey No. 149-150, Kompally village, Qutubullapur Mandal, Lane adjacent to Cine Planet,",500014,,"04031909495 ,",,,sunitha.mahesh@pearson.com,http://www.pearsonschoolkompally.com/,2012,5/1/2012 12:00:00 AM,Mrs.Tripti Sen,2,M.A. B.Ed,6,18,Secondary School,Provisional,1/4/2018,31/3/2023,PSR Education Trust
RAJADHANI RESIDENTIAL SCHOOL,3630027,TELANGANA,HYDERABAD,1-89/2 KUKATPALLY HYDERABAD ANDHRA PRADESH,500072,040,"3058077 , 3067078",3055658,2440054,marigoldpublicschool@gmail.com,http://marigoldindia.com,1988,4/1/2005 12:00:00 AM,MRS KRISHNA VENKATESHWARAN,2,"MSc,Bed",19,19,Secondary School,Provisional,1/4/2018,31/3/2020,RAJADHANI ACADEMY
Rockwell International School,3630152,TELANGANA,HYDERABAD,"Plot No 727, Rd 36, JUBILEE HILLS HYDERABAD",500034,,"04064559922 ,",,,subash@rockwellinternationalschool.com,http://www.rockwellinternationalschool.com,2009,6/8/2009 12:00:00 AM,Mrs.N.Veena Mankoti,0,Pursuing PhD,10,15,Secondary School,Provisional,1/4/2014,31/3/2017,Rockwell Educational Society
ROOTS MONTESSORI SCHOOL,3630035,TELANGANA,HYDERABAD,ROAD NO.6 BANJARA HILLS HYDERABAD ANDHRA PRADESH,500036,040,"3350190 ,",7793260,,roots_school2000@yahoo.com,,1994,4/1/2005 12:00:00 AM,KIRAN SEHAJPAL,2,,,,Secondary School,Provisional,1/4/2018,31/3/2019,seethi sahib charitable trust
SANGHAMITRA SCHOOL,3630038,TELANGANA,HYDERABAD,2-32 NIZAMPET ROAD HYDERNAGAR VILLAGE KUKATPALLY RANGAREDDY DISTRICT ANDHRA PRADESH,500072,040,"3057153 , 3052930",3061524,0385-24272,sangha_mitras@yahoo.co.in,,1985,6/1/2005 12:00:00 AM,NAGESWARA RAO D,1,m.sc. b.ed,5,10,Secondary School,Provisional,1/4/2015,31/3/2020,shri sanatan dharam sabha bathinda
SARITHA VIDYA NIKETAN,3630112,TELANGANA,HYDERABAD,"D.NO. 4-7-266/N, BESIDE RTC BUS DEPOT, PADMAVATHI COLONY, HAYATHNAGAR",501505,040,"24200642 ,",,04024202313,sarithavidyanikethan@gmail.com,http://sarithalearnium.com/,1994,1/1/1994 12:00:00 AM,BHERI SHEBA CRYSTAL,0,"M.A. ENGLISH, BED",15,20,Secondary School,Provisional,1/4/2013,31/3/2016,EDUCATIONAL ENDOWMENT TRUST
SARTHI SCHOOL,3630056,TELANGANA,HYDERABAD,HABSIGUDA X ROAD OPP CCMB HYDERABAD ANDHRA PRADESH,500007,040,"27151385 , 27151610",27061303,,samarpanpublicschool@rediffmail.com,,2000,6/25/2007 12:00:00 AM,P VARALAKSHMI,2,"M.A., B.Ed.",03,05,Secondary School,Provisional,1/4/2014,31/3/2019,SARTHI ACADEMY
SHIVAJI VIDYA PEETH HIGH SCHOOL,3630013,TELANGANA,HYDERABAD,ROAD NO.10 PLOT NO 270 L JUBILEE HILLS HYDERABAD ANDHRA PRADESH,500033,040,"23545682 ,",3305445,,elsythomas26@yahoo.co.in,,1983,4/1/2005 12:00:00 AM,Ms. ELSY THOMAS,2,"M.A, B.Ed",17,25,Senior Secondary,Provisional,1/4/2014,31/ 3/ 2019,SHIVAJI VIDYAPEETH SOCIETY
SHRI HANUMAN VYAYAM SHALA PUBLIC SCHOOL,3630014,TELANGANA,HYDERABAD,SULTAN BAZAAR HYDERABAD ANDHRA PRADESH,500195,040,"24751733 , 4751660",24750235,,hvsps04@rediffmail.com,,2002,4/1/2005 12:00:00 AM,Mrs. RAJESHWARI,2,"M.Sc., B.Ed.",08,20,Secondary School,Provisional,1/4/2015,31/3/2020,BHARAT IYAVIJNAMPEETHAM
SISTER NIVEDITA SCHOOL,3630040,TELANGANA,HYDERABAD,7-1-63 AMEERPET HYDERABAD ANDHRA PRADESH,500016,040,"3731518 , 3731535",3310425,3411035,hoshiarpur@takshilaschools.in,http://www.takshilaschools.in/,1972,4/1/2009 12:00:00 AM,MRS JAYANTHI VENKATARAMAN,2,"M.A., M.Ed.",15,23,Secondary School,Provisional,1/4/2018,31/3/2023,SISTER NIVEDITA FOUNDATION
SRI SWAMI CHINNA JEEYAR SCHOOL,3630117,TELANGANA,HYDERABAD,"139-147,SAMTHA NAGAR , KUKATPALLY,HYDERABAD.",500018,,"04064503111 ,",,,SSCJIS@GMAIL.COM,http://WWW.SSCJIS.COM,2011,6/1/2011 12:00:00 AM,Mrs.P.RAGHU BALA,0,"M.A.,B.ED",10,8,Secondary School,Provisional,1/4/2016,31/3/2021,DAYANAND EDUCATIONAL SOCIETY
SRI VIDYA SECONDARY SCHOOL,3630004,TELANGANA,HYDERABAD,2-2-1105/26 TILAK NAGAR NEW NALLAKUNTA HYDERABAD ANDHRA PRADESH,500044,040,"27563664 ,",040-27564373,,school_srividya@yahoo.com,,1975,6/25/2007 12:00:00 AM,Mrs. Neeta Chitale,2,,,,Secondary School,Provisional,1/4/2015,31/3/2020,EKALAVYA VIDYA SAMITHI
St. Peter's High School,3630086,TELANGANA,HYDERABAD,"Sy No. 2, Sitarampur, Bowenpally, Secunderabad, AP-11",500011,,"04027953770 ,",,,sphs.hyd@gmail.com,http://www.stpeterseducation.in,1999,6/14/1999 12:00:00 AM,Alphonse Reddy Thumma,0,MSc. BEd.,10,18,Secondary School,Provisional,1/4/2014,31/3/2019,Holy Spirit Educational Society
St.Martins High School,3630124,TELANGANA,HYDERABAD,"Sri Sai Colony,Chintal.",500037,,"040-23082365 ,",,-,st.martins_ch@rediff.com,http://www.stmartinschintal.com,1998,6/1/1998 12:00:00 AM,Mrs.Saira Seema Ahmed,0,"B.Sc.,M.A.,M.Ed.",12,15,Secondary School,Provisional,1/4/2016,31/3/2021,St. MartinsChildren Education Society
SULTAN-UL-ULOOM PUBLIC SCHOOL,3630008,TELANGANA,HYDERABAD,MOUNT PLEASANT 8-2-249 ROAD NO.3 BANJARA HILLS HYDERABAD ANDHRA PRADESH,500034,040,"3350862 ,",7750987,265009,mjcetcse@hd2.dot.net.in,http://www.skps.ac.in,1980,6/2/1997 12:00:00 AM,MRS RAZIA SULTANA SHERIEF,2,M.A.M.A B.ED.,10,23,Secondary School,Provisional,1/4/2014,31/3/2019,SULTAN UL ULOOM EDUCATION SOCIETY
THE HYDERABAD PUBLIC SCHOOL,3630001,TELANGANA,HYDERABAD,RAMANTHAPUR HYDERABAD ANDHRA PRADESH,500013,040,"7038391 ,",7038219,040-703837,hpsramanthpr2002@yahoo.com,,1972,4/1/2005 12:00:00 AM,R K MAINI,1,,,,Senior Secondary,Provisional,1/4/2017,31/ 3/ 2018,HYDERABAD PUBLIC SOCIETY
UNIVERSITY OF HYDERABAD CAMPUS SCHOOL,3630018,TELANGANA,HYDERABAD,CENTRAL UNIVERSITY (PO) GACHIBOWLI HYDERABAD ANDHRA PRADESH,500046,041,"3010428 , 3010500",2261096,,school_matha@yahoo.com,matha_school@yahoo.com,1988,5/18/2002 12:00:00 AM,K V L KANTHA RAO,2,"M.A. MEd. ,MPhil. , M.S.",8,14,Senior Secondary,Provisional,1/4/2010,31/ 3/ 2015,SCHOOL MANAGING COMMITTEE
vasavi public school,3630010,TELANGANA,HYDERABAD,himayat nagar hyderabad andhra pradesh,500029,040,"23221712 , 3229975",23220975,23228492,vasavipublicschool@yahoo.co.in,,2001,6/25/2007 12:00:00 AM,mrs. jaishree p rao,2,m.sc. b.ed.,7,18,Secondary School,Provisional,1/4/2014,31/3/2019,basavi academy of education
VIDYA VINAYALAYA SCHOOL,3630070,TELANGANA,HYDERABAD,"11-5-378, RED HILLS,",500004,,"040-23393223 ,",,,harish.edu89@rediffmail.com,,1989,6/7/1989 12:00:00 AM,MALA SOMWAY,0,"M.A, B.Ed.",22,22,Secondary School,Provisional,1/4/2017,31/3/2022,HARISH EDUCATIONAL SOCIETY
vignan vidyalaya,3630096,TELANGANA,HYDERABAD,opp jntu nizampet (v) qutbullapur (m),500090,040,"23041853 ,",249222,,vignancbse@gmail.com,http://www.vignanschools.g,1997,,MRS G.KUSUMA,2,m.sc. b.ed,3,18,Senior Secondary,Provisional,1/4/2017,31/ 3/ 2022,lavu educational society
VIGNANA JYOTHI PUBLIC SCHOOL,3630021,TELANGANA,HYDERABAD,G-16A MADHURANAGAR HYDERABAD ANDHRA PRADESH,500038,040,"3752258 ,",3732966,,principal@edifyschoolranipet.com,,1988,7/7/2010 12:00:00 AM,T ANASUYA SASTRY,2,MA BED,9,20,Secondary School,Provisional,1/4/2013,31/3/2018,VIGNANAJYOTHI SOCIETY
VIKAS THE CONCEPT SCHOOL,3630054,TELANGANA,HYDERABAD,BACHUPALLY MIYARPUR HYDERABAD,500072,040,"23042966 , 23046464",815365,,nseeneesn@gmail.com,,2004,6/8/2007 12:00:00 AM,MATHEW N C,1,"M.A, B.Ed",2,8,Senior Secondary,Provisional,1/4/2018,31/ 3/ 2019,VIKAS THE CONCEPT SCHOOL
Vista School,3630172,TELANGANA,HYDERABAD,"Next to Wipro-Gopanapalli Village, Vattinagula Palli, Lingampalli - Khanapur Road, Beyond Gachibowli,",500075,91,"7702524666 ,",,,principal@vistaschool.edu.in,http://www.vistaschools.com,2011,6/13/2011 12:00:00 AM,JAYA MANI,0,"MCA, B. Ed",7,18,Secondary School,Provisional,1/4/2015,31/3/2018,Sri Vijaya Educational Academy
vrs & vj residential school,3630226,TELANGANA,HYDERABAD,"bachupally, r r dt , hyderabad",500072,0474,"887811 ,",604355,,shynaanilprincipal@gmail.com,,2004,4/1/2005 12:00:00 AM,K VIJAYA RANI,0,,,,Secondary School,Provisional,1/4/2017,31/3/2019,v r s char. trust
Alphores High School,3630162,TELANGANA,KARIMNAGAR,"KOTHAPALLY, KARIMNAGAR",505451,,"9247021444 ,",,08782239644,alphoresc@gmail.com,http://www.alphores.com,2015,7/11/2015 12:00:00 AM,MRS.M. ARUNA KUMARI,1,"M.A. (English), B.Ed.",18,06,Senior Secondary,Provisional,1/4/2018,31/ 3/ 2021,ALPHORES EDUCATIONAL SOCIETY
ENGLISH UNION SCHOOL,3630031,TELANGANA,KARIMNAGAR,2-10-853/1 JYOTHINAGAR BEHIND COURT KARIMNAGAR DIST. ANDHRA PRADESH,505001,0878,"2243039 ,",2265353,,englishunionschool@yahoo.co.in,,1991,6/26/2006 12:00:00 AM,Mr. BALDWIN FAIFE,2,"M.A.,M.Ed.",8,18,Secondary School,Provisional,1/4/2012,31/3/2017,MARTHOMA EDUCATIONAL SOCIETY KOCHI
jawahar navodaya vidyalaya,3640005,TELANGANA,KARIMNAGAR,choppadandi karim nagar dist.,505415,08722,"81476 ,",81476,,,,1986,3/31/2011 12:00:00 AM,janardhan reddy c,1,,,,Senior Secondary,Provisional,1/4/2016,31/ 3/ 2020,navodaya vidyalaya samiti
JYOTHISHMATI ACADEMY,3630033,TELANGANA,KARIMNAGAR,9/3 KM HYDERABAD ROAD NUSTULAPUR VILLAGE KARIM NAGAR DIST. ANDHRA PRADESH,505481,0878-22,"83249 43504 , 43504",8324943504,-,-,-,1992,8/12/2007 12:00:00 AM,Mr. FRANCINA,2,M.TECH,7,14,Secondary School,Provisional,1/4/2015,31/3/2020,SHALINI VIDYA SANSTHA
KENCREST INTERNATIONAL SCHOOL,3630088,TELANGANA,KARIMNAGAR,"Jyothinagar, Shiva Theatre Road, Karimnagar.",500101,,"08782230767,08782235435 ,",,,kencrestschool@yahoo.com,http://www.kencrestinternationalschool.com,1998,6/1/1998 12:00:00 AM,Joy Chakroborty,0,M.A. B.ed,4,11,Secondary School,Provisional,1/4/2011,31/3/2014,Kencrest Educational Society
KENDRIYA VIDYALAYA,3600008,TELANGANA,KARIMNAGAR,NTPC JYOTHI NAGAR RAMAGUNDAM KARIMNAGAR DISTT. ANDHRA PRADESH,505215,08728,"62119 ,",71290,,kvwaltair@yahoo.com,,1980,4/1/2005 12:00:00 AM,S H SARATH,1,,,,Senior Secondary,Provisional,1/4/2017,31/ 3/ 2022,KENDRIYA VIDYALAYA SANGATHAN
kendriya vidyalaya,3600025,TELANGANA,KARIMNAGAR,"lmd aluguno, karimnagar, karimnagar district, telengana- 505 527",505527,0878,"2223031 ,",,,singhabhunath1@gmail.com,,1993,1/25/2009 12:00:00 AM,DR PRABHU NATH SINGH,1,,,,Senior Secondary,Provisional,1/4/2017,31/ 3/ 2022,ministry of defence govt of india
KGR Public School,3630266,TELANGANA,KARIMNAGAR,"KGR PUBLIC SCHOOL, MOTHE, Gollapally road, near Godavari Valley, Jagtial, Telangana 505327",505327,,"9949997627 ,",,,Reddy.kgr@gmail.com,,2016,6/14/2016 12:00:00 AM,MR.K GOVARDHAN REDDY,1,"M.Tech, IIT Kharagpur",13,9,Secondary School,Provisional,1/4/2018,31/3/2021,Nava vignan vidya bharathi educational society
Paramita Heritage School,3630258,TELANGANA,KARIMNAGAR,Padmanagar,505002,,"0878-6502185 ,",,,admin.office@paramitaschools.in,http://www.paramitaschools.in,2005,6/13/2005 12:00:00 AM,Mr.Sreesan MS,0,"M.A., B.Ed.",6,8,Secondary School,Provisional,1/4/2018,31/3/2021,ARAVINDA EDUCATIONAL SOCIETY
ATOMIC ENERGY CENTRAL SCHOOL,3680003,TELANGANA,KHAMMAM,HEAVY WATER PLANT COLONY ASWAPURAM KHAMMAM DISTT. ANDHRA PRADESH,507116,08746,"24351 ,",24376,24340493,aecs_manuguru@rediffmail.com,,1984,4/1/2005 12:00:00 AM,SHOBHA DOVE,2,"ma eng, m.ed",8,24,Senior Secondary,Provisional,1/4/2015,31/ 3/ 2020,"ATOMIC ENERGY EDUCATION SOCIETY, BO"
bhadrachalam public school & jr. college,3630006,TELANGANA,KHAMMAM,sarapaka khammam dist. andhra pradesh,507128,08746,"217066 , 42340",243312,242460,prabhakar123_in@yahoo.co.in,http://www.itcptel.com,1979,6/25/2007 12:00:00 AM,mr. g.prabhakar reddy,1,"m.sc,m.phil,m.a.,m.ed",18,20,Senior Secondary,Provisional,1/4/2014,31/ 3/ 2019,b p l society
BHARAT PUBLIC SCHOOL,3630047,TELANGANA,KHAMMAM,SUBHASH CHANDRA BOSE NAGAR RAMAVARAM KOTHAGUDAM ANDHRA PRADESH,507118,08744,"0874423102 ,",,,msubbarao_2000@yahoo.com,,,,Mr. M.SUBBA RAO,1,"M.A;M.Phil;B.Ed.,",25,35,Secondary School,Provisional,1/4/2015,31/3/2020,GURAZADA EDUCATIONAL SOCIETY
BLOOMING MINDS CENTRAL SCHOOL,3630115,TELANGANA,KHAMMAM,"KAIKONDAIGUDEM POST, RURAL MANDAL, NEAR TRINITY PG COLLEGE, BALLEPALLI, KHAMMAM Dt, ANDHRA PRADESH",507002,,"09542518594 ,",,,bloomingminds.khammam@gmail.com,http://www.bloomingminds.co.in,2011,6/20/2011 12:00:00 AM,MissNAGAVALLY.K,0,"B.Com,B.Ed",11,14,Senior Secondary,Provisional,1/4/2017,31/ 3/ 2020,B.M.EDUCATIONAL SOCIETY
Harvest Public School,3630058,TELANGANA,KHAMMAM,"5-7-200/11, Near Mamata Hospital, Pakabanda Bazar, Khammam, A.P 507001",507001,0485,"08742-652095 ,",563305,,harvest_khammam@yahoo.co.in,,2002,6/12/2002 12:00:00 AM,R.Parvathi Reddy,2,"M.Sc, B.Ed, M.B.A",2,7,Senior Secondary,Provisional,1/4/2015,31/ 3/ 2018,Quest Educational Society
JAWAHAR NAVODAYA VIDYALAYA,3640002,TELANGANA,KHAMMAM,PALAIR-POST VIL.PALERU KUSUMANCHI MA KHAMMAM DISTT.,507157,08742,"81625 , 81827",81827,,imsaap@hd1.vsnl.net.in,,1987,3/31/2013 12:00:00 AM,A K SHARMA,1,,,,Senior Secondary,Provisional,1/4/2008,31/ 3/ 2009,NAVODAYA VIDYALAYA SAMITI
jawahar navodaya vidyalaya II,3640010,TELANGANA,KHAMMAM,"Via. GMR Polytechnique, VIII. & Mandal: Yetapaka, Sarapaka Post, East Godavari Dist. Andhra Pradesh- 507128",507111,08743,"216060 ,",231807,,,,1990,3/31/2011 12:00:00 AM,d. gunasekaran,0,,,,Senior Secondary,Provisional,1/4/2018,31/ 3/ 2019,navodaya vidyalaya samiti
KENDRIYA VIDYALAYA,3600018,TELANGANA,KHAMMAM,"VILLAGE POLPALLY, NEAR KARUNAGIRI, KHAMMAM, ANDHRA PRADESH",507003,08742,"210599 ,",,,,,1986,1/25/2009 12:00:00 AM,K LAXMAIAH,2,,,,Senior Secondary,Provisional,1/4/2013,31/ 3/ 2015,KENDRIYA VIDYALAYA SANGATHAN
NAVABHARAT PUBLIC SCHOOL,3630011,TELANGANA,KHAMMAM,NAVA NAGAR SIIL POST PALONCHA KAMMAM DISTRICT ANDHRA PRADESH - 507 154,507154,08744,"256118 ,",256444,,nbpschool@gmail.com,http://www.nbps.in,1978,4/1/2005 12:00:00 AM,Mr. M.V.S.REDDY,1,M.A; B.Ed,12,22,Secondary School,Provisional,1/4/2013,31/3/2018,NAVA BHARAT RURAL DEVELOPMNT SOCIET
NEW LITTLE FLOWER E.M SCHOOL,3630271,TELANGANA,KHAMMAM,"7-427/C, LIONS VIDYA NAGAR, WYRA (MNDL), KHAMMAM (DIST)",507165,,"8886220479 ,",,,newlittleflower1@gmail.com,,2016,6/12/2016 12:00:00 AM,MR. DR. P. BHUMESHWARA RAO,1,"MBA, Ph.D",5,5,Secondary School,Provisional,1/4/2018,31/3/2021,Phoneix Eductional Society
S V M CENTRAL PUBLIC SCHOOL,3630032,TELANGANA,KHAMMAM,SRINIVASA NAGAR KHAMMAM ANDHRA PRADESH,507003,08742,"652699, , 29812",08742-652799,255322,rjcsvmkmm@gmail.com,,1989,6/2/1997 12:00:00 AM,Mrs. M.Uma,2,"MA, B.ED",5,8,Senior Secondary,Provisional,1/4/2016,31/ 3/ 2019,SRI SHASTHA EDUCATIONAL SOCIETY
S.E.S - V V CENTRAL PUBLIC SCHOOL,3630019,TELANGANA,KHAMMAM,SARADA NAGAR RAGUNADHAPALEM P.O KHAMMAM DIST. KHAMMAM DIST ANDHRA PRADESH,507002,08742,"225097 , 88354",9949901775,,n.pandurangarao@gmail.com,,1985,1/25/2009 12:00:00 AM,Mr. N PANDURANGA RAO,1,Msc B.Ed,10,28,Secondary School,Provisional,1/4/2018,31/3/2019,SARDA EDUCATIONAL SOCIETY
SAI SPURTHI D.A.V SCHOOL,3630143,TELANGANA,KHAMMAM,"B.GANGARAM (V), SATTUPALLY (M), KHAMMAM DISTRICT-507303",507303,,"08761-288338, ,",,,ssdavps@gmail.com,http://www.davsaispurthi.org,2010,6/23/2010 12:00:00 AM,MR.V S PRASHANTH,1,"M.Sc., B.Ed.,",7,15,Senior Secondary,Provisional,1/4/2018,31/ 3/ 2021,Dayanand Anglo-Vedic College Trust & Managing Society
SREE VIDYANIKETHAN HIGH SCHOOL,3630269,TELANGANA,KHAMMAM,"Gopalapuram, 8th division,Khammam city,Khammam district.",507002,,"08742 653999 ,",,,info.sreevidyanikethan@gmail.com,,2014,6/8/2014 12:00:00 AM,MR.T.GOPALAKRISHNAIAH,1,MA B.ED,14,17,Secondary School,Provisional,1/4/2018,31/3/2021,rajyalaxmi educational society
SRI CHAITANYA INTERNATIONAL SCHOOL,3630104,TELANGANA,KHAMMAM,"Near Mamatha Medical College, Pakabanda Bazar, Khammam.",507002,8742,"12345 ,",,,thotapraveena@yahoo.com,,2008,6/12/2008 12:00:00 AM,G NAGA PRAVEENA,1,"M.A., B.ED.",8,20,Secondary School,Provisional,1/4/2015,31/3/2020,SRI CHAITANYA EDUCATIONAL SOCIETY
DWARAKA SCHOOL,3630201,TELANGANA,MAHBUBNAGAR,SINGARAM X ROAD,509210,8506,"200200 ,",,,ganapa.srinu@gmail.com,,2013,6/12/2013 12:00:00 AM,G SRINIVAS,0,"MA , BEd",10,10,Secondary School,Provisional,1/4/2016,31/3/2019,DWARAKA EDUCATIONAL SOCIETY
Fortune Butterfly School,3630137,TELANGANA,MAHBUBNAGAR,"Kadthal Village, Amangal Mandal",509358,,"08543203456 ,",,04023555852,president.fbs@fortunebutterflycity.com,http://www.fortunebutterflyschool.com,2009,6/15/2012 12:00:00 AM,Mrs.Bharathi Ponna,0,"B.Sc, B.Ed",17,25,Senior Secondary,Provisional,1/4/2016,31/ 3/ 2019,Fortune Educational Society
JAWAHAR NAVODAYA VIDYALAYA,3640009,TELANGANA,MAHBUBNAGAR,VATTEM DISTT MAHABUBNAGAR,509203,08540,"28710 ,",9550378827,,kvnk1936@gmail.com,,1994,4/1/1991 12:00:00 AM,K.V. NAGARAJA KUMAR,1,,,,Senior Secondary,Provisional,1/4/2015,31/ 3/ 2020,Navodaya Vidyalaya Samiti
KENDRIYA VIDYALAYA,3600019,TELANGANA,MAHBUBNAGAR,"MAHABUBNAGAR, RED CROSS BUILDING, YENUGONDA, MAHABUBNAGAR, ANDHRA PRADESH",509002,08542,"270270 ,",08942-240084,,kvsklm2000@yahoo.com,,1994,1/25/2009 12:00:00 AM,N.S.S. PRASAD,1,,,,Senior Secondary,Provisional,1/4/2015,31/ 3/ 2019,K V S
KOTHAKOTA PUPILS HIGH SCHOOL,3630245,TELANGANA,MAHBUBNAGAR,Kothakota,509381,,"08545226269 ,",,,sesrvar@gmail.com,http://www.seskothakota.org,2007,6/1/2007 12:00:00 AM,Mrs.A. Krishna Veeni,,"B.Sc., B.Ed",12,20,Secondary School,Provisional,4/1/2017,31/3/2020,SARALA EDUCATION SOCIETY
M.V.Raman High School,3630248,TELANGANA,MAHBUBNAGAR,"Atmakur,",509131,,"08504223674 ,",,,mvramantechnoschool@gmail.com,http://www.mvramanhighschool.com,2009,6/1/2009 12:00:00 AM,Mrs.M.Ancysreedhar,,"MA, B.Ed",20,25,Secondary School,Provisional,4/1/2017,31/3/2020,Sri Raman Educational Society
MOUNT BASIL HIGH SCHOOL,3630267,TELANGANA,MAHBUBNAGAR,"HNO: 7-13, NEAR JOLLY HILLS, MALLEBOINAPALLY, JADCHERLA, MAHABUBNAGAR",509301,,"9949556659 ,",,,mountbasilschool@gmail.com,,2016,6/16/2016 12:00:00 AM,MRS.S MAHABOOBUNNISA BEGUM,1,"M.SC., B.Ed",15,15,Secondary School,Provisional,1/4/2018,31/3/2021,VICTORY EDUCATIONAL SOCIETY
SARASWATHI HIGH SCHOOL,3630251,TELANGANA,MAHBUBNAGAR,"Yerravally X Roads, Kondair Post",509125,,"9666806789 ,",,,saraswathitechnoschool@gmail.com,http://www.saraswathihighschool.com,2010,6/1/2010 12:00:00 AM,Mr.Venkateshwar Rao,,"B.Sc, B.Ed",6,10,Secondary School,Provisional,1/4/2018,31/3/2021,Veera Dharma Reddy Educaional Society
SHASTRA SCHOOL,3630229,TELANGANA,MAHBUBNAGAR,"Kotra X Road, Kotra (Vill), Veldanda (Mdl), Mahabubnagar (Dist), Telangana",509360,91,"9705125984 ,",,,,http://www.shastragroups.com,2014,6/16/2014 12:00:00 AM,INDIRA GAIKWAD,,"B.Sc, B.Ed",2,5,Middle Class,Provisional,1/4/2017,31/3/2020,Maruthi Sai Educational Society
SHLOKA SCHOOL,3630244,TELANGANA,MAHBUBNAGAR,"SHLOKA SCHOOL, BUREDDYPALLY (Village), Post Office: Malleboinaplly, Jadcherla Mandal, MAHBUBNAGAR _DIST PIN509301",509301,,"7075523666 ,",,,bees.shloka@gmail.com,http://www.shlokaschool.com,2015,6/22/2015 12:00:00 AM,Mr.M.Madhukar,,B.Sc. B.Ed,10,26,Secondary School,Provisional,4/1/2017,31/3/2020,Baburao Eeshwaramma Educational & Welfare Society
Shree Swaminarayan Gurukul School,3630153,TELANGANA,MAHBUBNAGAR,"Chennakeshav Nagar, Nagarkarnool Rd, Nagasala village Jadcherla,",509301,,"9010200017 ,",,,jadcherla@gurukul.org,http://www.gurukul.org,2013,6/24/2013 12:00:00 AM,Mr.Bhavesh Babaria,0,MBA,7,0,Secondary School,Provisional,1/4/2017,31/3/2022,Shree Swaminarayan Gurukul Hyderabad
Tagore High School,3630242,TELANGANA,MAHBUBNAGAR,"Raghavendra Colony, Shadnagar, Mehbubnagar District, Telangana",509216,,"08548252479 ,",,,tagore.phloxe@gmail.com,,1997,6/13/1997 12:00:00 AM,Mrs.G. S. Swapna,,M.A. B.Ed,3,8,Secondary School,Provisional,4/1/2017,31/3/2020,Sri Raghavendra Educational Society
bharatiya vidya bhavans public schoo,3630009,TELANGANA,MEDAK,b.h.e.l.township r.c.puram hyderabad andhra pradesh,500032,040,"23024910 , 3021902",040-23022188,23023922,bvbpschoolbhel@sify.com,,1977,6/25/2007 12:00:00 AM,mr. p rama hanuman,1,"m.a., m.al., b.ed.,",15,26,Secondary School,Provisional,1/4/2014,31/3/2019,bhartiya vidya bhavan
d a v b d l public school,3630023,TELANGANA,MEDAK,b d l township bhano medak distt. andhra pradesh,502305,040,"242902 ,",0824-2213144,2437812,fkunil@yahoo.co.uk,http://www.kunilschool.co,1989,6/2/1997 12:00:00 AM,m prabhakar,2,"m.a, b.ed",08,15,Secondary School,Provisional,1/4/2015,31/3/2020,dav college trust & mgt. society
JAWAHAR NAVODAYA VIDYALAYA,3640006,TELANGANA,MEDAK,PAMALAPARTHY (POST) WARGAL MEDAK DIST. ANDHRA PRADESH,502279,08454,"253055 ,",253166,253055,jnvmedak@rediffmail.com,,1988,4/30/2014 12:00:00 AM,Mr. R RAMA RAO,1,"MA,MEd",10,10,Senior Secondary,Provisional,1/4/2015,31/ 3/ 2020,NAVODAYA VIDYALAYA SAMITI
KENDRIYA VIDYALAYA,3600010,TELANGANA,MEDAK,ORDNANCE FACTORY EDDUMAILARAM DIST. MEDAK ANDHRA PRADESH,502205,040,"3241021 , 38255",3241021,,principal508@yahoo.com,,1985,4/1/2005 12:00:00 AM,SMT. D SUDHAMANI,2,,,,Senior Secondary,Provisional,1/4/2008,31/ 3/ 2017,KENDRIYA VIDYALAYA SANGATHAN
Manthan School,3630173,TELANGANA,MEDAK,"Sy No 368/p & 369/p, Tellapur Village Ramachandrapuram mandal hyderabad",502032,,"08455297919 ,",,,ramakrishna.reddy@manthanschool.org,http://www.manthanschool.org,2014,4/1/2014 12:00:00 AM,Mrs.Nagamani Mustur,2,B Ed,5,10,Secondary School,Provisional,1/4/2015,31/3/2018,Manthan Educational Society
MNR School of Excellence,3630072,TELANGANA,MEDAK,"MNR Nagar, Narsapur Road, Fasalwadi Village, Sangareddy Mandal",502294,0154,"08455-277022 ,",,08455-277688,info@mnrindia.org,http://www.mnrindia.org,2008,6/18/2008 12:00:00 AM,M.S.V.S.Durga Prasad,0,"B.Sc., B.Ed.,",16,18,Secondary School,Provisional,1/4/2016,31/3/2021,MNR Educational Trust
MONA PLAY SCHOOL,3630216,TELANGANA,MEDAK,Sr No 165/36 Sadashivpet Town,502291,,"9177149771 ,",,,suchitrashaw2015@gmail.com,http://www.monaplayschool.com,2012,6/1/2012 12:00:00 AM,Mrs.P L R Rani,,B.Sc BEd,10,14,Middle Class,Provisional,1/4/2017,31/3/2020,ASHA EDUCATIONAL SOCIETY
Open Minds A Birla School,3630147,TELANGANA,MEDAK,"Survey No.192 & 193, Kollur,9th KM off the outer ring road from Gachibowli to Patancheru,Kollur(V),Ramachandrapuram(M),Medak District.",502300,,"91 07337391976 ,",,,openminds.hyd@gmail.com,http://www.openminds.in,2010,12/15/2012 12:00:00 AM,Mrs. Syamali Chowdhury,2,,,,Senior Secondary,Provisional,1/4/2017,31/ 3/ 2020,DSR Educational Society
Pioneers School,3630163,TELANGANA,MEDAK,"3-37/1, Chintalapally Village, Sangareddy Mandal",502001,,"9666967647 ,",,,pis.sangareddy@gmail.com,http://www.pioneersinternationalschool.com,2013,7/11/2013 12:00:00 AM,Mr.P V N Upender,0,"B.Sc., B.Ed",7,15,Secondary School,Provisional,1/4/2018,31/3/2023,S S EDUCATIONAL SOCIETY
Rainbow International School,3630129,TELANGANA,MEDAK,"Beside Raghavendra Colony, Beeramguda, Ameenpur (GP)",502032,,"08455200108 ,",,,internationalschool.rainbow@gmail.com,http://www.rainbowinternationalschool.org,2010,6/23/2010 12:00:00 AM,Mrs.V Varsha Vyas,0,"MSc, B.ed.",10,22,Secondary School,Provisional,1/4/2017,31/3/2022,Rainbow Educational Society
samashti international school,3630130,TELANGANA,MEDAK,"survey no: 95 & 96, kollur village, ramachandrapuram, medak district.",502300,,"040-64649901 ,",9618333622,,principal@samashti.in,,2012,6/12/2012 12:00:00 AM,pramod mahajan,0,,,,Secondary School,Provisional,1/4/2017,31/3/2022,sreyes educational trust
Sree Swaminarayan Gurukul International School,3630121,TELANGANA,MEDAK,"Po. Ganeshpur, Nyalkal(M), Medak(D), AP, INDIA",527451,,"09010668566 ,",,,bidar@gurukulworld.org,http://www.gurukul.org,2011,6/14/2012 12:00:00 AM,Mr.Sadhu Krishnacharandas,0,"M.A, B.Ed",7,7,Secondary School,Provisional,1/4/2013,31/3/2016,Shree Swaminarayan Gurukul
St. Marys Vidyaniketan High School,3630200,TELANGANA,MEDAK,"St. Marys Vidyaniketan High School, Pregnapur (Post), Gajwel (Mandal) Medak (District) Telangana State Pin - 502311",502311,,"08454 233933 ,",,09676033111,stmaryscbse@gmail.com,http://www.stmaryses.com,2001,10/6/2001 12:00:00 AM,Mr.Gopu Inna Reddy,,"B.Sc, B.Ed, B.Tech",15,20,Secondary School,Provisional,1/4/2016,31/3/2019,St.Marys Education Society
THE GAUDIUM SCHOOL,3630194,TELANGANA,MEDAK,"VELIMELA (VILLAGE), RAMACHANDRAPURAM, Near Kolllur ORR",502300,,"00917337000900 ,",,,hema.surapaneni@thegaudium.com,http://www.thegaudium.com,2015,6/12/2015 12:00:00 AM,MISS HEMA SURAPANENI,1,"M.Sc, B.Ed.",10,20,Senior Secondary,Provisional,1/4/2019,31/ 3/ 2022,TRIAARSHA EDUCATIONAL SOCIETY
The Jain International School,3630067,TELANGANA,MEDAK,"Survey No. 349 & 364, Village Kallakal, Mandal Toopran, District Medak, ANDHRA PRADESH-500003",500003,040,"65575246 ,",,,thestudyschool@gmail.com,,2005,6/24/2006 12:00:00 AM,K LAKSHMI RAO,1,"MSc., MEd.",2,14,Senior Secondary,Provisional,1/4/2015,31/ 3/ 2020,Dr. K.M. Cherian Educational Society
ACADEMIC HEIGHTS SCHOOL,3630180,TELANGANA,NALGONDA,BACHPAN CAMPUS JAGADEEVPUR ROAD HANMAPUR BHONGIR,508116,8685,"243693 ,",,,ahps.principal@gmail.com,,2012,6/1/2013 12:00:00 AM,RUPA REDDY,0,Msc.M.Ed,4,20,Secondary School,Provisional,1/4/2016,31/3/2019,PragnaK12 Educational Society
AUROBINDO PUBLIC SCHOOL,3630034,TELANGANA,NALGONDA,RAVINDRA NAGAR NALGONDA ANDHRA PRADESH,508001,08682,"223020 ,",9866219793,,aurobindonlg@yahoo.com,,1983,4/1/2010 12:00:00 AM,Mr. M MARREDDY,1,B.A. B.Ed.,11,15,Secondary School,Provisional,1/4/2018,31/3/2019,MAHARISHI SHIKSHA SANSTHAN
DURGA BHAVANI SCHOOL,3630209,TELANGANA,NALGONDA,"NO.20-154/a, MATTAMPALLY ROAD",508204,,"00 ,",,00,meetprincipal2014@gmail.com,http://www.dbsschool.com,2014,6/19/2014 12:00:00 AM,Dr.V. DURGA PRASAD,0,M.A. M.ED. PH.D,18,18,Middle Class,Provisional,1/4/2017,31/3/2020,NARAYANA REDDY EDUCATIONAL SOCIETY
GENIUS HIGH SCHOOL,3630158,TELANGANA,NALGONDA,"Opp. Area Hospital, Main Road, Thatha Nagar,",508116,,"08685 645647 ,",,,nehemia.shaw12@gmail.com,,2012,6/25/2012 12:00:00 AM,Mr.S.Nehemia Shaw,0,"M.Sc, B.Ed",8,10,Secondary School,Provisional,1/4/2015,31/3/2018,SRI VALMIKI EDUCATIONAL ACADEMY
HRD SCHOOL OF EXCELLENCE,3630174,TELANGANA,NALGONDA,"Dindi Road, Devarakonda",508248,,"08691240040 ,",,08691240040,hrdschooldvk@gmail.com,http://www.hrdschools.com,2013,6/12/2013 12:00:00 AM,Mr.N.V Subba Rao,0,"M.A, B.Ed",12,10,Secondary School,Provisional,1/4/2018,31/3/2019,HRD Society
JAWAHAR NAVODAYA VIDYALAYA,3640003,TELANGANA,NALGONDA,CHALAKURTHY CAMP NALGONDA DISTT,508202,08680,"75430 ,",75406,228722,kvchc@bom2.vsnl.net.in,http://www.jnvnellore.org,1986,3/31/2012 12:00:00 AM,K SAGARIKA,1,"M.Sc, B.Ed.",06,15,Senior Secondary,Provisional,1/4/2009,31/ 3/ 2012,NAVODAYA VIDYALAYA SAMITI
kendriya vidyalaya,3600022,TELANGANA,NALGONDA,"besides ysr part, ramnagar nalgonda, Telangana -508001",508001,08682,"230123 ,",223123,,basaut@bitsmart.com,,1993,3/31/2011 12:00:00 AM,N. CHALAPATHI,0,,,,Senior Secondary,Provisional,1/4/2016,31/ 3/ 2018,Kendriya Vidyalaya Sangathan
kendriya vidyalaya,3600023,TELANGANA,NALGONDA,"miryalaguda, opp. nsp camp ground, miryalaguda town, nalgonda dist. telangana- 508 207",843334,,",",,,,,1994,10/18/2018 12:00:00 AM,.,0,,,,Secondary School,Provisional,1/4/2018,31/3/2023,kendriya vidyalaya sangathan
Little Flower CBSE Innovative School,3630102,TELANGANA,NALGONDA,"Sanjeevaiah Nagar, Nalgonda,",508001,0484,"08682 232317 ,",2319361,,srshanthaudumala@yahoo.co.in,,2009,6/12/2009 12:00:00 AM,Sr. MARY VIJAYA LAXMI.T,1,"M.A, M. Ed.",15,22,Secondary School,Provisional,1/4/2015,31/3/2020,Society of Catechist Sisters of ST. Ann
M.S.R. CENTRAL SCHOOL,3630263,TELANGANA,NALGONDA,"SURVEY NO.:223,DURAJPALLY,CHIVEMLA(M),SURYAPET(DT)",508213,,"08684220097 ,",,,msrcentralschool@gmail.com,http://www.msrschool.in,2017,6/12/2017 12:00:00 AM,DR. GORIKUNTI UMA,1,"M.SC.,B.ED",5,5,Middle Class,Provisional,1/4/2018,31/3/2021,SREE VENKATESWARA EDUCATIONAL SOCIETY
Mount Litera Zee School,3630225,TELANGANA,NALGONDA,"Sy Nos 658 & 660, Cherlapally, Nalgonda, 508001, Telangana.",508001,91,"7095211333 ,",,,mlzsnalgonda.principal@gmail.com,http://www.mlzsnalgonda.edu.in,2015,6/12/2015 12:00:00 AM,P THARA,,"B.Sc (Maths), M.Sc (IT), M.Ed",1,17,Secondary School,Provisional,1/4/2017,31/3/2020,Sree Sumedha Educational Trust
SREE VIDYA PEETH,3630028,TELANGANA,NALGONDA,SHREEPURAM NARKETPALLY (POST) NALGONDA DIST. ANDHRA PRADESH,508254,08682,"72458 , 72693",72458,8778785,sridhar.k@hdl.vsnl.net.in,asianinternationalschools,1978,6/25/2007 12:00:00 AM,BRO.N C MATHEW,2,MA B.ED,20,13,Senior Secondary,Provisional,1/4/2017,31/ 3/ 2019,LITTLE FLOWER EDUCATIONAL & CHARITABLE TRUST
St. Elizabeth Convent (E.M.) High School,3630241,TELANGANA,NALGONDA,"Mogdumpally Road, Teachres Colony,",508116,,"08500080662 ,",,,sahayvk007@yahoo.co.in,,2012,6/12/2012 12:00:00 AM,MissSr. Laly,,"B.Sc., B.ed.",15,19,Secondary School,Provisional,4/1/2017,31/3/2020,THE SISTERS OF ST. ELIZABETH
the nalgonda public school,3630022,TELANGANA,NALGONDA,6-2-34/5 meerbagh colony nalgonda andhra pradesh,508001,08682,"224784 ,",9849727633,,ngd_tnpsdes@yahoo.co.in,,1985,6/25/2007 12:00:00 AM,mr. partha saradhi,1,"m.sc. b.ed.,",5,16,Secondary School,Provisional,1/4/2014,31/3/2019,dayanamic educational society nalgonda
ZEE HIGH SCHOOL,3630110,TELANGANA,NALGONDA,"Survey No. 194-196/A;Door No. 4-136;Village: Deshmukh;Pochampally Mandal;Near Anmagal;Hayath Nagar;District: Nalgonda(AP),PIN-501505.",501505,,"040-24204142, 040-24204243 ,",9849784402,040-24204142,zeereddyananth@gmail.com,http://www.zeeschoolhyd.com,2009,6/16/2009 12:00:00 AM,poorna devi srivastava,0,"MA, b.ed",,,Senior Secondary,Provisional,1/4/2017,31/ 3/ 2020,Lifekare Educational Society
JAWAHAR NAVODAYA VIDYALAYA,3640001,TELANGANA,NIZAMABAD,NIZAM SAGAR NIZAMABAD DISTT.,503302,08465,"75541 ,",75457,,,,1987,4/1/1991 12:00:00 AM,V VENKATA REDDY,1,,,,Senior Secondary,Provisional,1/4/2017,31/ 3/ 2020,NAVODAYA VIDYALAYA SAMITI
Navyabharathi Global School,3630071,TELANGANA,NIZAMABAD,H.No: 4-167,503003,07535,"08462-646345 ,",27863949,,navyabharathi@gmail.com,www.navyabharathi.com,2007,6/12/2007 12:00:00 AM,P. Satyam,1,BA Hindi pandit,5,5,Senior Secondary,Provisional,1/4/2013,31/ 3/ 2016,Navyabharathi Educational Society
SSR CONCEPT SCHOOL,3630127,TELANGANA,NIZAMABAD,JANNEPALLY VILLAGE NAVIPET MANDAL,503246,05497,"08462-287144 ,",9837251812,08462-220751,ssrconceptschool23@yahoo.in,,2011,6/1/2011 12:00:00 AM,Mr.SHIVA KUMAR,1,"M.A,B.ED",5,20,Senior Secondary,Provisional,1/4/2016,31/ 3/ 2019,SRI SAI SARSWATHI EDUCATIONAL SOCIETY
SSR Discovery Academy,3630214,TELANGANA,NIZAMABAD,"Madav Nagar, Nizamabad.",503201,0495,"08462220751 ,",,,ssracademic@gmail.com,,2011,6/13/2011 12:00:00 AM,Mr.Srinivas,2,M.A. B.Ed,5,5,Secondary School,Provisional,1/4/2017,31/3/2020,Sri Sai Saraswathi Educational Society
ABHAYA SCHOOL,3630083,TELANGANA,RANGAREDDY,"GUNDLA POCHAMPALLY VILLAGE, NEAR APPAREL TEXTILE PARK, MEDCHAL MANDAL DIST, RANGAREDDY,",500014,01734,"08008222356 ,",01741224366,,abhaya_school@yahoo.co.in,http://www.abhayaschool.in,2008,6/12/2008 12:00:00 AM,L.SHAILAJA,2,"B.Sc., B.Ed.",7,20,Secondary School,Provisional,1/4/2017,31/3/2019,Abhaya Educational Society
ACADEMIC HEIGHTS PUBLIC SCHOOL,3630210,TELANGANA,RANGAREDDY,"SURVEY NO:51, VENKAT REDDY COLONY, BOLLIGUDEM ROAD, BODUPPAL",500039,040,"7093903311 ,",,,ahpsboduppalprincipal@gmail.com,,2014,4/28/2014 12:00:00 AM,SINITA YEMPATI,,MA(ENGLISH) B.ED,12,20,Secondary School,Provisional,1/4/2017,31/3/2020,KOUSHIK REDDY EDUCATIONAL SOCIETY
ALMAS HIGH SCHOOL,3630247,TELANGANA,RANGAREDDY,"6-69,Chincholi Road, Allahpur",501411,,"08411-202525 ,",,,almas202525@gmail.com,http://almasilm.com/,2012,6/8/2012 12:00:00 AM,Mrs.TABASSUM SULTANA,,"B.Sc., B.Ed",5,15,Secondary School,Provisional,4/1/2017,31/3/2020,almas educational and charitable trust
Bharatiya Vidya Bhavans Atmakuri Rama rao school,3630078,TELANGANA,RANGAREDDY,"Road No.45 (end), Jubilee Hills, Hyderabad",500033,,"040-64556630, ,",,23607772,bvbarrshyd@gmail.com,http://www.bvbarrs.edu.in,2009,7/4/2009 12:00:00 AM,DR.R. ARULMOZHI RANI,1,"M.Sc., M.Phil., Ph. D., B.Ed.,",24,24,Senior Secondary,Provisional,1/4/2018,31/ 3/ 2021,BHARATIYA VIDYA BHAVAN
"BHARTIYA VIDYA BHAWAN, BHAVAN'S SRI RAMAKRISHNA VIDYALAYA",3630003,TELANGANA,RANGAREDDY,SAINIKPURI POST SECUNDERABAD ANDHRA PRADESH,500094,040,"7112561 ,",140117081,0402711398,principalbsrkv@gmail.com,http:/www.bsrkv.net,1973,6/2/1997 12:00:00 AM,Mr. B Jyothi Aparna,2,"M.SC., M.ED.,",5,20,Senior Secondary,Provisional,1/4/2015,31/ 3/ 2020,B V BHAWAN SECUNDERABAD
BHASHYAM BLOOMS THE SCHOOL,3630274,TELANGANA,RANGAREDDY,"BHASHYAM BLOOMS THE SCHOOL, MOHABATH NAGAR, THUMMALURU (V), MAHESHWARAM (M), RANGAREDDY (D)",501359,,"9603855532 ,",,,nageshbabu.m@bhashyam.in,http://www.bhashyamblooms.com,2017,6/1/2017 12:00:00 AM,MR. M NAGESH BABU,1,"M.Sc, B.Ed",5,8,Secondary School,Provisional,1/4/2019,31/3/2022,BHASHYAM EDUCATIONAL SOCIETY
BHASHYAM BROOKS UPS,3630141,TELANGANA,RANGAREDDY,"BALAKRISHNA NAGAR, KUKATPALLY",500072,,"04064630044 ,",,,brooks@bhashyam.in,,2011,6/6/2011 12:00:00 AM,Mrs.R KOMALI,0,"M.Sc, B.Ed",5,15,Secondary School,Provisional,1/4/2017,31/3/2022,BHASHYAM EDUCATIONAL SOCIETY
Brigade Public School,3630240,TELANGANA,RANGAREDDY,4-1-100 near pillar no 123,500048,,"040-24010520 ,",,,principal.brigade@gmail.com,,2012,6/12/2012 12:00:00 AM,Mrs.kanta chettri,,M.A.; BEd,3,10,Middle Class,Provisional,1/4/2017,31/3/2020,Supraja Educational Society
CANDOR SHRINE I SCHOOL,3630175,TELANGANA,RANGAREDDY,"Sy.No.612, Laxmareddy palem,Peddamberpet Nagar Panchayath,Hayath Nagar Mandal.R.R.Dist.",501505,,"040-24209222 ,",,040-24209222,principal.csis@gmail.com,http://www.candorshrineischool.com/contact.html,2013,6/27/2013 12:00:00 AM,Mrs.Sowjanya K,0,"M Phil, PGCTE",8,15,Senior Secondary,Provisional,1/4/2018,31/ 3/ 2020,Shri Vani Vaishnavi Educational society
Creekside School,3630261,TELANGANA,RANGAREDDY,"Creekside School, C/o Mohammed Misbahuddin, D.No.3-267, VIA Chaitanya Bharati, Aziznagar Village, Moinabad mandal, Hyderabad - 500 075.",500075,,"09490071302 ,",,,creeksideschool@gmail.com,http://www.creeksideinternational.com,2011,6/12/2011 12:00:00 AM,Mr.Mohammed Misbahuddin,,"B.Com.,B.Ed.,L.L.B",25,5,Secondary School,Provisional,1/4/2018,31/3/2021,Qamer Educational Society
CRPF PUBLIC SCHOOL,3680006,TELANGANA,RANGAREDDY,JAWAHAR NAGAR HAKEEMPET RANGA REDDY ANDHRA PRADESH,500078,,"7867257 ,",862368,,,,1991,4/1/2005 12:00:00 AM,MATHEW JOSEPH,1,,,,Senior Secondary,Provisional,1/4/2018,31/ 3/ 2019,RPF EMPLOYEES EDU. SOCIETY
D R S INTERNATIONAL SCHOOL,3630050,TELANGANA,RANGAREDDY,"523, GUNDLAPOCHAMPALLY NEAR APPAREL PARK MEDCHAL MANDAL R R DISTT AP",520008,040,"23792123 ,",040-23792124,23792125,principal@drsinternational.com,http://www.drsinternation,2003,4/1/2005 12:00:00 AM,Mr.S.A.M.V.PRASADA RAO,1,"M.SC,B.ED",15,15,Senior Secondary,Provisional,1/4/2016,31/ 3/ 2021,D R S EDN SOCIETY
DELHI PUBLIC SCHOOL,3630057,TELANGANA,RANGAREDDY,"PLOT NO- 44,42A, BEHIND NACHARAM DTELEPHONIC EXCHANGE, MALKAJGIRI MANDAL, RANGA REDDY DISTT.",500076,040,"27737295 ,",22267175,22384643,shsdtol@hotmail.com,,1982,4/1/2010 12:00:00 AM,ANNAPURANA SARMA,2,"MA,BA[HONS]B.ED.",8,19,Senior Secondary,Provisional,1/4/2016,31/ 3/ 2023,BALAJEE ARUN EDUCATIONAL SOCIETY
Delhi School of Excellence,3630123,TELANGANA,RANGAREDDY,"Beside More Super Market, Attapur(Hyderguda),Rajendranagar Mandal",500048,,"04064508666 ,",,,dse.attapur@gmail.com,http://www.delhischoolofexcellence.com,2012,6/14/2012 12:00:00 AM,Mr.P.V.Joy,0,M.A B.ed,12,14,Secondary School,Provisional,1/4/2016,31/3/2021,SREE VENKATESHWARA EDUCATIONAL CHARITABLE SOCIETY
"DELHI SCHOOL OF EXCELLENCE, MANIKONDA",3630182,TELANGANA,RANGAREDDY,"1-13/14, Beside Jaihind Valley, Near Andhra Bank, Manikonda,Rajendranagar Mandal, Hyderabad, Telangana",500089,,"04064530999 ,",,,principal.dsem@gmail.com,http://www.dsehyd.com/,2012,6/14/2012 12:00:00 AM,Mrs.Sistla Hemalatha,,"M.Sc., M.Ed",7,15,Secondary School,Provisional,1/4/2016,31/3/2019,SREE VENKATESHWARA EDUCATIONAL CHARITABLE SOCIETY
Diksha School,3630259,TELANGANA,RANGAREDDY,Survey No 362 & 363 Door.No 4-36/4,500078,,"08418-247972 ,",,,dikshawaldorf@gmail.com,http://www.dikshawaldorfschool.in,2016,6/13/2016 12:00:00 AM,Mrs.Sandhya kate,,"B.Sc,B.Ed",28,12,Secondary School,Provisional,1/4/2018,31/3/2021,VAJRAMANI KAILASAM EDUCATIONAL SOCIETY
Don Bosco School,3630150,TELANGANA,RANGAREDDY,"Don Bosco Nagar Post, Bandlaguda Jagir, Rajendranagar Mandal, Ranga Reddy District, Andhra Pradesh",500086,,"9440054076 ,",,,donboscobandlaguda@gmail.com,,2011,6/1/2011 12:00:00 AM,Mr.Bandha Suresh,0,M.A B.Ed,4,4,Senior Secondary,Provisional,1/4/2016,31/ 3/ 2019,The Hyderabad Don Bosco Society
Edify World School,3630165,TELANGANA,RANGAREDDY,"Survey no.90 Balapur RCI Road, Beside Balaji Township",500005,,"04065444044 ,",,,principal@ewsbalapur.com,http://www.edifyworldschoolbalapur.com/index.html,2014,6/16/2014 12:00:00 AM,Mrs.Turaga Jyothi,0,"MA, PGDTE(CIEFL)",17,21,Secondary School,Provisional,1/4/2015,31/3/2018,VENKATESHWARA EDUCATION SOCIETY
G PULLA REDDY MEMORIAL SCHOOL,3630265,TELANGANA,RANGAREDDY,"9-118/1, SAI BABA TEMPLE LANE, LALITHA NAGAR, DILSUKH NAGAR",500060,,"04064545151 ,",,,principal@gprmschool.org,http://www.gprmschool.org/,2010,6/12/2010 12:00:00 AM,MRS.O L MADHAVI,1,M.A B.ed B.Lisc,15,3,Secondary School,Provisional,1/4/2018,31/3/2021,Gunampalli Pulla Reddy Charities Trust
Ganges Valley School,3630128,TELANGANA,RANGAREDDY,"Bachupally, Qutubullahpur Mandal, R.R Dist, Hyderabad - 500090",500090,,"040-65248877 ,",,,principalgvs@gmail.com,http://www.gangesvalleyschool.com/,2012,6/13/2012 12:00:00 AM,Mrs.Vimala Chandersekhar,0,"MA, B.Ed",12,19,Senior Secondary,Provisional,1/4/2017,31/ 3/ 2020,Gokaraju Rangaraju Educational Society
Gateway International High School,3630167,TELANGANA,RANGAREDDY,"1-2-13, BUDVEL RAJENDRANAGAR RANGAREDDY HYDERABAD",500030,,"04065885556 ,",,,GIHSHYD@GMAIL.COM,,1993,4/24/1993 12:00:00 AM,Mr.JAIRAM REDDY,0,"B.A, B.Ed.,",32,10,Secondary School,Provisional,1/4/2018,31/3/2020,KANAKATEEGALA EDUCATIONAL SOCIETY
GAUTAMI VIDYA KSHETRA,3630125,TELANGANA,RANGAREDDY,"1-110/3/A, DEEPTHISRINAGAR MADINAGUDA SERILINGAMPALLY (M) R.R.DIST HYDERABAD-500049.",500049,,"09963921111 ,",,,gvkschool@gmail.com,http://www.gvkschools.com,2001,6/11/2001 12:00:00 AM,mrs.p.arathi jayaram,0,,,,Secondary School,Provisional,1/4/2016,31/3/2021,GAUTAMI EDUCATIONAL SOCIETY
GEETANJALI HIGH SCHOOL,3630168,TELANGANA,RANGAREDDY,SY NO 88 PART GUNDLA POCHAMPALLY MEDCHAL MANDAL RR DIST,501401,,"7330777736 ,",9248920002/8,,premdubey1972@gmail.com,,2008,6/12/2008 12:00:00 AM,Mr. Prem shankar Dubey,1,m.sc b.ed,18,22,Senior Secondary,Provisional,1/4/2017,31/ 3/ 2020,SRI CHAITANYA BHARATHI EDUCATIONAL SOCIETY
GENESIS SCHOOL,3630219,TELANGANA,RANGAREDDY,500072,500072,040,"69991865 ,",,,rajaudamula1963@gmail.com,http://genesisintschool.org/,2015,6/13/2015 12:00:00 AM,U RAJAREDDY,,"M.A,BED",15,12,Secondary School,Provisional,1/4/2017,31/3/2020,ALFA EDUCATIONAL SOCIETY
GLOBAL EDGE SCHOOL,3630089,TELANGANA,RANGAREDDY,"1-98/B/85/1, Vittalrao Nagar, Madhapur, HYDERABAD",500033,0487,"040-65888855 ,",425227,040-23320389,euroschool@sify.com,euroschoolhyd.com,2006,6/1/2010 12:00:00 AM,Namrata Kaur,2,"M.A., B.Ed.,",12,20,Secondary School,Provisional,1/4/2014,31/3/2019,MBR Educational Society
Global Indian International school,3630073,TELANGANA,RANGAREDDY,"Survey No.8 & 9, peerjadiguda village Ghatkesar Mandal",500039,,"040-20052199, 918790333365 ,",,040-27622727,principal@arca.co.in,,2009,6/25/2009 12:00:00 AM,Mr. Atanu Rath,1,"M.Sc(Maths), M.Ed",,,Senior Secondary,Provisional,1/4/2016,31/ 3/ 2021,ARCA EDUCATION SOCIETY
GMR CHINMAYA VIDYALAYA,3630085,TELANGANA,RANGAREDDY,"SHAMSHABAD HYDERABAD, RANGAREDDY PIN - 501218",501218,,"09247087621 ,",,040-23413125,PGEERVANI@GMAIL.COM,,2008,6/18/2008 12:00:00 AM,Y. SAILAJA,0,"MA., M.Sc.B.Ed",8,30,Secondary School,Provisional,1/4/2014,31/3/2019,CHINMAYA SEVA TRUST
Greenwich Academy The School,3630144,TELANGANA,RANGAREDDY,"Bandlaguda, 8-5-2/7 Katedan road",500005,,"040-65141531 ,",,,info@greenwichacademy.in,http://www.greenwichacademy.in,2011,6/20/2011 12:00:00 AM,Mrs.B. Srilatha,,M.Sc;B.Ed,05,15,Secondary School,Provisional,1/4/2014,31/3/2017,greenwich educational academy
Gurukula Vidyapeeth High School,3630080,TELANGANA,RANGAREDDY,"Gurukula Vidyapeeth High School,Ibrahimapatan,Ranga Reddy District",501506,,"08414-222089 ,",,,gvpdsrao@yahoo.co.in,,1998,6/11/1998 12:00:00 AM,D.Srinivasa Rao,0,"M.Phil, Ph.d",10,8,Secondary School,Provisional,1/4/2010,31/3/2013,Rural Employment & Literacy Society
HAL HIGH SCHOOL,3630082,TELANGANA,RANGAREDDY,"HAL PO BALANAGAR,HYDERABAD-500042",500042,,"040-23878582 ,",,0,halhighschool.school@gmail.com,http://halhighschool.com,1968,6/14/1968 12:00:00 AM,LATA PANICKAR,0,M.A B.Ed,5,25,Secondary School,Provisional,1/4/2014,31/3/2019,ATEC
HRD SCHOOL OF EXCELLENCE,3630254,TELANGANA,RANGAREDDY,Sitarampet(V) Ibrahimpatnam(M) Rangareddy(D) 501506,501506,4637,"9912362220 ,",,,hrdschoolibp@gmail.com,http://www.hrdschools.com,2013,6/12/2013 12:00:00 AM,MRS. MADHURI GIANCHANDANI,1,MA B.Ed,10,15,Secondary School,Provisional,1/4/2018,31/3/2021,HRD Society
indus universal school,3630063,TELANGANA,RANGAREDDY,"near tulsi gardens, yapral village, j.j. nagar post",500087,0121,"040-27111801 ,",2455074,,principal@indusuniversalschool.com,http://www.induswldschool.com,2006,6/26/2006 12:00:00 AM,aparna shankar,2,"b.sc., m.ed., m.a. dip in elt (pursuing)",7,22,Senior Secondary,Provisional,1/4/2018,31/ 3/ 2023,sri lakshmi saraswathi educational society
INFANT JESUS INTERNATIONAL SCHOOL,3630135,TELANGANA,RANGAREDDY,"4-224,Vellankanninagar, shamshabad, r.r(dt)",501218,,"08413200162 ,",,,arogyamallam@gmail.com,,1997,6/1/1998 12:00:00 AM,Mr.Fr.allam.arogyareddy,0,"M.A. , B.Ed.",10,10,Secondary School,Provisional,1/4/2017,31/3/2022,HYDERABAD ARCHDIOCESE EDUCATIONAL SOCIETY
IVY LEAGUE ACADEMY,3630026,TELANGANA,RANGAREDDY,BOMMADALE BOMMARASIPET VILLAGE VIA HAKIMPET R.R.DIST ANDHRA PRADESH,500014,08418,"236202 ,",236202,,ivyacd@hotmail.com,www.ivyleagueacademy.com,1988,6/25/2007 12:00:00 AM,Mr. Deep Khare,1,M.Sc. P.Ed. Phd,2,18,Senior Secondary,Provisional,1/4/2015,31/ 3/ 2020,IVY LEAGUE FOUNDATION
Jain Heritage-a Cambridge School,3630154,TELANGANA,RANGAREDDY,Masjidpur Village Shamirpet Mandal Secunderabad.,500078,,"0841842617284 ,",,,kadiyalalakshmi@gmail.com,http://www.jainheritage.in,2012,6/18/2012 12:00:00 AM,Mrs.Lakshmi Rao,0,"M.A.B.Ed,PG.Dipin edu.leadership",12,18,Senior Secondary,Provisional,1/4/2017,31/ 3/ 2020,Arka Education &cultural Trust
JAWAHAR NAVODAYA VIDYALAYA,3640007,TELANGANA,RANGAREDDY,HCU CAMPUS GACHIBOWLI HYDERABAD R.R.DIST ANDHRA PRADESH,500046,040,"3010338 ,",86139,,saitours@satyam.net.in,,1987,3/31/2011 12:00:00 AM,H RAVICHANDRAN,2,M.A.,5,30,Senior Secondary,Provisional,1/4/2015,31/ 3/ 2020,NAVODAYA VIDYALAYA SAMITI
JOHNSON GRAMMAR SCHOOL,3630066,TELANGANA,RANGAREDDY,"Nacharam, Rangareddy Dist, Andra Pradesh.",500014,08924,"04027150122 ,",,04027150122,lok_lib@indiatimes.com,http://www.jgs.com,2007,5/27/2007 12:00:00 AM,Vasanthi Vishwanathan,2,M.A.B.Ed,5,15,Senior Secondary,Provisional,1/4/2015,31/ 3/ 2020,Johnson Grammar School Educational Society
KAIROS SCHOOL,3630268,TELANGANA,RANGAREDDY,"Survey No.246/1, Chitrapuri Hills, Manikonda Jagir Village, Rajendranagar Mandal, Ranga Reddy District",500089,,"8143300111 ,",,,sashreeken@gmail.com,http://kairosgs.com,2017,7/1/2016 12:00:00 AM,MRS.KANUPRIYA WAHI,1,"M.A(Lit).,B.Ed., PGDM & Public Relations",10,10,Secondary School,Provisional,1/4/2018,31/3/2021,SASHREEK EDUCATIONAL SOCIETY
KENDRIYA VIDYALAYA,3600006,TELANGANA,RANGAREDDY,BOLARUM ALLENBY LINES J J NAGAR (P.O) SECUNDERABAD ANDHRA PRADESH,500087,040,"27862525 ,",04027865163,4027862525,kvbolarum087@gmail.com,http://www.kvbolarum.org,1983,4/1/1991 12:00:00 AM,Mr. SMT. V. Rajeswari,2,M.Sc. M.Ed.,,,Senior Secondary,Provisional,1/4/2012,31/ 3/ 2017,KENDRIYA VIDYALAYA SANGATHAN
KENDRIYA VIDYALAYA,3600016,TELANGANA,RANGAREDDY,NFC NAGAR COLONY GHATKESAR R R DISTT ANDHRA PRADESH,501301,08415,"22011 ,",25579035,242258,kv-no3patiala@yahoo.co.in,,1986,1/25/2009 12:00:00 AM,V RAMAYYA,2,MA B.Ed.,2,28,Senior Secondary,Provisional,1/4/2015,31/ 3/ 2022,KENDRIYA VIDYALAYA SANGATHAN
KENNEDY HIGH THE GLOBAL SCHOOL,3630052,TELANGANA,RANGAREDDY,"BACHUPALLY (V) QUTUBULLAPUR (M) RANGA REDDY DISTT HYDERABAD, AP",500072,040,"65288187 ,",040-23312140,23325302,rama195522@yahoo.co.in,,2004,6/7/2007 12:00:00 AM,Mrs. N.K. Radhika,2,"M.Sc.,Ph.D.,B.Ed,D.E.",25,30,Senior Secondary,Provisional,1/4/2018,31/ 3/ 2023,KENNEDY GLOBAL SCHOOL EDU SOCIETY
KIRAN INTERNATIONAL SCHOOL,3630171,TELANGANA,RANGAREDDY,"# 9-35/2, Keshav Nagar Colony, Boduppal [V], Ghatkesar [M].",500092,,"040 64554435 ,",,,correspondent.kis@gmail.com,http://www.kiraninternationalschool.com,2011,6/15/2011 12:00:00 AM,Mrs.Sri Latha Channapragada,0,"M.Sc., B.Ed., Diploma in Export Management[ M.Ed]",5,11,Secondary School,Provisional,1/4/2018,31/3/2023,KS EDUCATIONAL SOCIETY
Lead India Bharat Ratnas School,3630166,TELANGANA,RANGAREDDY,"Bandlaguda Village, Keesara Mandal, Ranga Reddy District, Hyderabad.",501301,,"040-65407777 ,",,,acharya.leadindia@gmail.com,,2012,1/4/2012 12:00:00 AM,Mr.N.B. Sudershan,0,"Ph.D, MBA",30,20,Secondary School,Provisional,1/4/2015,31/3/2018,Nallaboina Charable Educational Foundation Trust
Little Flower School,3630069,TELANGANA,RANGAREDDY,"Uppal, Hyderabad.",500039,01285,"040-27202525, 27200444 ,",01285-235803,040-27201375,info@lfjrc.com,http://www.lfs.org.in,2007,6/11/2007 12:00:00 AM,Bro. Ravi Kumar Reddy,1,"M.Sc., B.Ed.",8,15,Secondary School,Provisional,1/4/2017,31/3/2022,Brothers of St. Gabriel Educational Society
LOTUS NATIONAL SCHOOL,3630062,TELANGANA,RANGAREDDY,HYDERGUDA RAJENDRA NAGAR MANDAL RANGAREDDY DIST.,500050,01392,"04023350629 ,",01392-295300,,admin@lotusschool.in,http://www.lotusnationalschool.com,2003,6/21/2004 12:00:00 AM,LAKSHMI PREETI,2,"BSc,BEd",5,10,Secondary School,Provisional,1/4/2016,31/3/2019,LOTUS LEARNING SYSTEM SOCIETY
Lotus National School,3630093,TELANGANA,RANGAREDDY,"Shilpa Nagar layout, Nagaram Village, Keesara Mandal, Hyderabad - 500062",500006,,"040-65292489, 040-65292589 ,",,040-23350629,lotusnagaramhoc@lotusschool.in,http://www.lotusschool.in,2004,6/21/2004 12:00:00 AM,Mrs.Shamshad Begum,0,"M.A, B.Ed",2,10,Secondary School,Provisional,1/4/2015,31/3/2020,"Lotus Learning Systems Society, (Regd) Govt, A.P 408/2003,28-03-2003"
MAHESH VIDYA BHAVAN HIGH SCHOOL,3630199,TELANGANA,RANGAREDDY,"6-3-120/1, SHIVARAMPALLY",500052,,"040- 20024151 ,",,,mvbhschool@gmail.com,,1995,6/7/1995 12:00:00 AM,Mr.ABDUL RAHEEM,,"M.A.,B.Ed",10,20,Secondary School,Provisional,1/4/2016,31/3/2019,MAHESH VIDYA BHAVAN TRUST
Matrusri DAV Public School,3630136,TELANGANA,RANGAREDDY,"Matrusri Nagar colony,Miyapur",500049,,"04064644865 ,",,,davmiyapur@gmail.com,,2010,6/14/2010 12:00:00 AM,Mrs.K.Anandavalli,0,BSc; MA ;MEd,12,20,Secondary School,Provisional,1/4/2017,31/3/2022,DayanandAngloVedicCollegeTrustAndManagementSociety
meridian school,3630091,TELANGANA,RANGAREDDY,"sy. no.11/4 & 11/5 opp. hitech city, kukatpally bypass road, khanamet village, serlingampally mandal, ranga reddy district, hyderabad.",500033,0485,"040-65262631 ,",824600,040-23420563,madhapurmeridian@gmail.com,http://www.meridianschool.in,2006,6/21/2006 12:00:00 AM,lalitha naidu,1,"m.a, m.ed, m.phil",17,8,Senior Secondary,Provisional,1/4/2016,31/ 3/ 2019,m/s meridian educational society
MNR SCHOOL OF EXCELLENCE,3630138,TELANGANA,RANGAREDDY,"REDDY COLONY, CHANDANAGAR, OPP: BHEL",500050,040,"23035558 ,",,040-23897380,lavanya.arumbaka@gmail.com,http://www.mnrindia.org,2012,6/1/2012 12:00:00 AM,P Hannah Lavanya,0,"M.A., B.ED",12,15,Senior Secondary,Provisional,1/4/2017,31/ 3/ 2020,MNR EDUCATIONAL TRUST
MONTRIDGE SCHOOL,3630204,TELANGANA,RANGAREDDY,"PLOT NO.S 144-146 mahadevapuram opposite bharat petrol bunk,gajularamaram qutbullapur mandal hyderabad 500055",500055,040,"64647242 ,",,04064647242,koppula.rajasree@gmail.com,http://www.montridgeinternational,2013,6/1/2013 12:00:00 AM,Rajasree Koppula,,"M.Sc,MEd",7,12,Secondary School,Provisional,1/4/2016,31/3/2019,motessori educational society
Mount Carmel Global School,3630079,TELANGANA,RANGAREDDY,"Survey No - 138, Badangpet, Kanchanbagh, Saroornagar Mandal, RR District",500058,08562,"04032523253 ,",59649,,info@mountcarmelhyd.com,www.mountcarmelhyd.com,2008,6/12/2008 12:00:00 AM,Neethi Srikumar,0,"M.A., M.ed.",5,12,Secondary School,Provisional,1/4/2014,31/3/2019,Mount Carmel Educational Society
MOUNT LITERA ZEE SCHOOL,3630107,TELANGANA,RANGAREDDY,"SURVEY NO. 58 & 59; YELLAREDDYGUDA, KEESARA MANDAL, KAPRA CIRCLE, SAINIKPURI, HYDERABAD, DISTRICT: RANGA REDDY, PIN: 500062",500062,,"040-2713360 ,",,040-2713368,zeeschoolsainikpuri@gmail.com,http://www.mountlitera.com/,2010,6/17/2010 12:00:00 AM,Mrs.AR Hephzibah,0,"MSc, BEd",5,29,Secondary School,Provisional,1/4/2016,31/3/2021,Ramdev Educational & Welfare Society
MOUNT LITERA ZEE SCHOOL,3630169,TELANGANA,RANGAREDDY,"PLOT 199, ANJALI GARDENS,MANIKONDA, PUPPALAGUDA",500089,,"040-64622101 ,",,040-64622102,principal.mlzsmanikonda@gmail.com,http://www.mlzsmanikonda.com,2012,6/18/2012 12:00:00 AM,Mrs.INDIRA TENNETI,0,"M.Sc.,B.Ed.,",5,22,Secondary School,Provisional,1/4/2018,31/3/2019,APPLE TREE EDUCATIONAL SOCIETY
nalla malla reddy foundation school,3630131,TELANGANA,RANGAREDDY,"4-55, divyanagar, kachivanisingaram village, ghatkesar mandal, ranga reddy district",500088,,"09346422670 ,",,,nmrfschool@gmail.com,http://www.nmrfs.edu.in,2010,6/14/2010 12:00:00 AM,Mr. Pakkiru Prabhakar Reddy,1,,,,Senior Secondary,Provisional,1/4/2017,31/ 3/ 2020,nalla malla reddy education society
Narayana Concept School,3630155,TELANGANA,RANGAREDDY,"Plot No:26, Saheb Nagar Kalan (Village), Hayathanagar (Revenue Mandal), Ranga Reddy (District), Under GHMC, Hyderabad",500070,,"919912343633 ,",,,k.anjanreddy09@gmail.com,http://www.narayanagroup.com,2009,4/20/2009 12:00:00 AM,Mrs.Vijaya Jyothi,0,"Msc, Bed",5,10,Secondary School,Provisional,1/4/2015,31/3/2018,Narayana Educational Society
NARAYANA e-Techno School,3630202,TELANGANA,RANGAREDDY,A-9 electronic complex kushaiguda Ecil,500062,,"04023465748, ,",,04023465748,hydecil.etechno@narayanagroup.com,http://www.narayanagroup.com,2009,6/12/2009 12:00:00 AM,MR. G BALAPARAMESHWAR RAO,1,"MSc,BEd",5,8,Senior Secondary,Provisional,1/4/2018,31/ 3/ 2021,NARAYANA EDUCATIONAL SOCIETY
neelkanth vidyapeeth residential school,3630101,TELANGANA,RANGAREDDY,"majeedpur,p.o. batasingaram, near ramoji film city, hayathnagar, rangareddy,",500525,,"08415-201553 ,",,08415-201553,snvp2@live.com,http://www.snvp.g,2011,6/6/2011 12:00:00 AM,mr.k. gopal rao,0,"m.a., b.ed.",6,8,Senior Secondary,Provisional,1/4/2017,31/ 3/ 2022,neelkanth vidyapeeth
Niraj International School,3630094,TELANGANA,RANGAREDDY,"132,133, Kandlakoya, Medchal, R.R.Dist Hyderabad Medchal 501403",501403,,"9184182000476 ,",,9104023413543,info.nirajinternationalschool@gmail.com,http://www.nirajinternationalschool,2007,7/1/2009 12:00:00 AM,Mrs.Tripti Sen,0,"M.A,B.Ed",10,21,Secondary School,Provisional,1/4/2015,31/3/2020,Niraj Educational Society
NTR MODEL SCHOOL,3630215,TELANGANA,RANGAREDDY,NTR MODEL SCHOOL HIMAYATH NAGAR VILLAGE - 500 075SURVEY NO.3 MOINABAD MANDAL RANGAREDDY DISTRICT TELANGANA STATE,500075,91,"9248444918 ,",,,principal_mshyd@ntrtrust.org,http://www.ntrtrust.org,2005,6/13/2005 12:00:00 AM,S J REDDY,,"M.A.,B.Ed.,",12,21,Secondary School,Provisional,1/4/2017,31/3/2020,NTR MEMORIAL TRUST
OAKRIDGE INTERNATIONAL SCHOOL,3630090,TELANGANA,RANGAREDDY,"SURVEY NO166/6.BOWRAMPET,NEAR BACHUPALLY,QUTUBULLAPUR MANDAL,RANGAREDDY DISTRICT. PIN 500 043",500043,,"040 23331666,23337799,7036150003 ,",,040 23331777,arti.kataria@oakridge.in,http://www.oakridge.in,2009,4/1/2009 12:00:00 AM,Ms. g vani Reddy,2,,,,Senior Secondary,Provisional,1/4/2017,31/ 3/ 2022,OAKRIDGE EDUCATIONAL SOCIETY
Oakwood International School,3630105,TELANGANA,RANGAREDDY,"1-4-477, Satyanagar Kamman, Newmarurhinagar,Kothapet, Dilsuknagar, HYDERABAD-35. A.P",500035,01636,"040-32583328 ,",,-------,ram_presidency@yahoo.com,http://www.oakwoodinternationalacademy.ac.in,2010,6/21/2010 12:00:00 AM,Dr.. K. Rami Reddy,0,"B.Tech,P.Hd",20,25,Senior Secondary,Provisional,1/4/2015,31/ 3/ 2020,SREENIVASA EDUCATIONAL ACADEMY
OASIS SCHOOL,3630002,TELANGANA,RANGAREDDY,RAIDURG HYDERABAD ANDHRA PRADESH,500008,040,"3561850 ,",3564496,,,,1964,,DR N B SUDERSHAN,0,,,,Secondary School,Provisional,1/4/2013,31/3/2018,OASIS EDUCATIONAL SOCIETY
OASIS SCHOOL OF EXCELLENCE,3630170,TELANGANA,RANGAREDDY,AMMAPALLY SHAMSHABAD RANGAREDDY AP,501218,,"08413-254100 ,",,,rdnrreddy@gmail.com,,2006,6/20/2006 12:00:00 AM,Mr.D.N.RAMAKRISHNAPPA,1,MSc. M.Ed.,15,18,Secondary School,Provisional,1/4/2018,31/3/2019,OASIS EDUCATIONAL SOCIETY
PALLAVI MODEL SCHOOL,3630095,TELANGANA,RANGAREDDY,"414/A,B,C&D; ALWAR CITY, NEAR PAKALAKUNTA,ALWAL, MALKAJGIRI(MANDAL), RANGA REDDY (DISTRICT)",500010,040,"9396956471 ,",,040-27861999,siminagi22@yahoo.com,http://www.pallavimodelschool.org,2010,6/16/2010 12:00:00 AM,SUNIR NAGI,0,,,,Senior Secondary,Provisional,1/4/2017,31/ 3/ 2022,PALLAVI EDUCATIONAL SOCIETY
Phoenix Greens School of Learning,3630119,TELANGANA,RANGAREDDY,"Sy.No.122, Kokapet (V)Rajendra Nagar, Hyderabad",500075,,"040-64637164 ,",,040-23001002,venkatchevuri@gmail.com,http://www.phoenixgreens.com,2009,6/16/2010 12:00:00 AM,Mrs.Anju Sharma,0,"M.A., B.Ed",5,10,Secondary School,Provisional,1/4/2016,31/3/2021,Ananya Educational Society
Prachin Global School,3630097,TELANGANA,RANGAREDDY,"Sy No 468 & 471 Kondakal Village,sankarpally mandal,R.R Dist, Telangana",501203,91-11,"08455322778,04023040770 ,",25506105,,venkat@prachinfoundation.com,http://www.giishyderabad.com,2009,7/7/2010 12:00:00 AM,Mr.Mathew Zacharias,1,"M.A,B.Ed",10,10,Senior Secondary,Provisional,1/4/2017,31/ 3/ 2022,Prachin Foundation
PRAGATHI CENTRAL SCHOOL,3630116,TELANGANA,RANGAREDDY,"SY.NO. 167(P),168,169(P),176(P),177 AND 178(P), PRAGATHI NAGAR,QUTHBULLAPUR MANDAL",500090,,"04065195967 ,",179,04040156759,info@pragathischool.com,http://www.pragathischool.com,2011,4/4/2012 12:00:00 AM,Mrs.V.N. CHAKRAVARTHY,0,"M.A. B.Ed.,",10,10,Secondary School,Provisional,1/4/2016,31/3/2021,PRAGATHI NAGAR EDUCATIONAL SOCIETY
Prerana Waldorf School,3630109,TELANGANA,RANGAREDDY,"Plot No:47/9,Janardhan Hills",500032,,"040-64555930 ,",,,info@waldorfprerana-india.org,http://www.waldorfprerana-india.org,2008,5/1/2008 12:00:00 AM,Mrs.INDIRA VARMA,0,"M.A, M.ED",20,15,Senior Secondary,Provisional,1/4/2016,31/ 3/ 2019,prerana educational society
RADCLIFFE SCHOOL HYDERABAD,3630157,TELANGANA,RANGAREDDY,"6-30, 31 & 32, oPP. IDPL R&D CENTRE, BALANAGAR",500037,,"040-23774987 ,",,040-23772703,info.hyderabad@radcliffe.in,http://www.radcliffe.in,2010,4/10/2010 12:00:00 AM,Mrs.Betty John,0,"M.Phil, B.ed",9,12,Secondary School,Provisional,1/4/2015,31/3/2018,Radcliffe Foundation Bangalore
REQELFORD INTERNATIONAL SCHOOL,3630134,TELANGANA,RANGAREDDY,"Sy.No: 417, Rampally Village, Keesara Mandal, Ranga Reddy Dist., Andhra Pradesh.",501301,,"040-32905679 ,",,040-27173558,info@reqelfordinternationalschool.com,http://www.reqelfordinternationalschool.com,2012,6/18/2012 12:00:00 AM,Mrs.PREMJEET KAUR SANDHU,0,"M.B.A., B.Ed.",20,20,Senior Secondary,Provisional,1/4/2016,31/ 3/ 2019,GRAMEEN DEVELOPMENT TRUST
RISHI PUBLIC SCHOOL,3630049,TELANGANA,RANGAREDDY,BAIRAGIGUDA RAJENDERNAGAR MANDAL RANGA REDDY DISTT HYDERABAD ANDHRA PRADESH,,040,"30280157 ,",040-23452791,,school_rishi@yahoo.in<br/><b>(Remark: The order disaffiliating the school has been stayed by the Hon'ble High Court of Andhra Pradesh at Hyderabad in WP NO.23312/2013 in the case titled Rishi Public School Vs CBSE.)</b>,www.rishipublicschool.com,1991,,Mrs. Kavitha Narayan,2,M.A. B.ED,4,6,Secondary School,Provisional,1/4/2004,31/3/2007,KARNATAKA HYD EDL SOC
ROCKWOODS SCHOOL,3630272,TELANGANA,RANGAREDDY,"ROCKWOODS INTERNATIONAL SCHOOL, Yamnampet (Village), (Opp) SNIST, Ghatkesar (Mandal), Medchal (District), Hyderabad",501301,8272,"9246853916 ,",09424260389,,mr.naidu@gmail.com,http://rockwoodsinternationalschool.com,2018,6/1/2018 12:00:00 AM,MRS. MADDELA SHEBHA DAYANA,1,"MSc, BEd",6,10,Secondary School,Provisional,1/4/2019,31/3/2022,AAKRUTHI EDUCATIONAL SOCIETY
SADHU VASWANI INTERNATIONAL SCHOOL,3630084,TELANGANA,RANGAREDDY,"150-152 JAYABHERI PARK, BEHIND CINE PLANET, KOMPALLY, HYDERABAD",500014,0891,"09963307776 ,",715454,,svishyd@gmail.com,http://www.svishyd.in,2008,6/4/2008 12:00:00 AM,POOJA HARESH RAMCHANDANI,2,M.A. B.Ed.,9,22,Senior Secondary,Provisional,1/4/2016,31/ 3/ 2021,SADHU VASWANI MISSION
SAGE International School,3630149,TELANGANA,RANGAREDDY,"NH202, Medipally Vill, Ghatkeshwar.",500098,,"04065555820 ,",,,nehemia.shaw12@gmail.com,,2011,6/13/2011 12:00:00 AM,Mrs.Usha George,0,"B.A.,B.Ed",12,10,Secondary School,Provisional,1/4/2017,31/3/2022,Vidhya Bhoomi Educational Society
SANKALP SCHOOL,3630264,TELANGANA,RANGAREDDY,"MM KUNTA, RAGANNAGUDA,ABDULLPURMET(M),RANGA REDDY DISTRICT - 501510",501510,,"9032893838 ,",,,sankalpinternationalschool@gmail.com,,2017,6/1/2017 12:00:00 AM,MR. GORANTLA JAYAPAUL,1,"M.A.,B.Ed",13,12,Secondary School,Provisional,1/4/2018,31/3/2021,EDUSMART EDUCATIONAL SOCIETY
SANSKAR INNOVATIVE SCHOOL,3630208,TELANGANA,RANGAREDDY,"Plot no:889, survey no:341 near railway colony,",501401,040,"32577999 ,",27112369,-,principalsanksarschool@gmail.com,,2012,6/24/2012 12:00:00 AM,INDU MANRAI,1,"MA, B.Ed",15,24,Secondary School,Provisional,1/4/2017,31/3/2020,Vipanchi Educational Society
Sanskriti School,3630118,TELANGANA,RANGAREDDY,"Plot nos, 16, 16A & 17, Golden Tulip Estates, Near Maruti GEM Motor''''''''s Work Shop, Serilingampally Mandal, Kondapur",500084,,"040- 32418547 ,",,,sanskriti.edu1@gmail.com,http://www.sanskritieducation.org,2004,9/6/2007 12:00:00 AM,Mrs.P. Varalakshmi,0,"M.A., B.Ed.",30,20,Senior Secondary,Provisional,1/4/2016,31/ 3/ 2019,Sanskriti Educational Society
Sanskriti The School,3630255,TELANGANA,RANGAREDDY,"23-70/2, Netaji Nagar, saroornagar, Hyderabad - 500035",500035,4637,"040 24040192 ,",,-,vikranthgupta@gmail.com,http://www.sanskritischools.com,2009,6/16/2009 12:00:00 AM,MRS.SWATI SRIRANGAM,1,"M.A. , M.Ed",17,24,Secondary School,Provisional,1/4/2018,31/3/2021,TERALA EDUCATIONAL SOCIETY
Scholars Academy,3630218,TELANGANA,RANGAREDDY,"Plot No 59&60, Alakaapoor Township, Neknampur, Rajendranagar",500089,,"9704229922 ,",,,info@scholars.edu.in,http://www.scholars.edu.in,2016,6/15/2016 12:00:00 AM,Mrs.T. Sujatha Reddy,,"M.A., B.Ed",5,7,Secondary School,Provisional,1/4/2017,31/3/2020,Hope Educational Society
Scholars International School,3630092,TELANGANA,RANGAREDDY,"89, Alakaapoor Township, Puppalagud(V), Rajendranagar(M), Ranga Reddy (Dist), AP-500089",500089,,"08413-232683 ,",,,info@sishyderabad.com,http://www.sishyderabad.com,2009,6/15/2009 12:00:00 AM,Usha Tanmayi,0,"B.Sc, B.Ed",7,10,Secondary School,Provisional,1/4/2015,31/3/2020,Trinity Education Society
sentia the global school,3630065,TELANGANA,RANGAREDDY,"beside b k enclave road no 2, near miyapur bus depot miyapur, r r district",500074,0120,"09985199921 ,",4531307,-,deepakvidya@yahoo.com,www.sentia.in,2008,6/12/2008 12:00:00 AM,a sunita,1,"m. sc, m ed",15,15,Senior Secondary,Provisional,1/4/2017,31/ 3/ 2022,vidya kshetra educational society
SHANTINIKETAN VIDYALAYA,3630046,TELANGANA,RANGAREDDY,BAMARASIPET POST SHAMIRPET MANDAL RANGAREDDY DISTT ANDHRA PRADESH,500078,08418,"201244 ,",201132,,shantiniketan99@gmail.com,www.shantiniketan.net,1999,6/19/1999 12:00:00 AM,Mr. Prem Shanker Dubey,1,"M.Sc, B.Ed, B.P.Ed,",13,16,Secondary School,Provisional,1/4/2015,31/3/2020,KPRAO MEMO EDUCATIONAL AKADEMI
SHLOKA - A BIRLA SCHOOL,3630235,TELANGANA,RANGAREDDY,"SURVEY NO 23&24, SRIRAM NAGAR, SAHARA ROAD, MANSOORABAD",500068,040,"24121235 ,",,,principal.lbnagar@shlokaschool.com,http://www.shlokaschool.com,2016,6/20/2016 12:00:00 AM,M J Thomas,,M.A. ; B.Ed,13,20,Secondary School,Provisional,1/4/2017,31/3/2020,BODHA EDUCATIONAL SOCIETY
Siddharha public school,3630178,TELANGANA,RANGAREDDY,"9-21, HANUMAN NAGAR BODUPPAL GHATKESAR RANGAREDDY AP",500039,,"040 - 27204433 ,",,040 - 27204433,principal@siddharhapublicschools.com,http://www.siddharthapublicschools.com,2014,6/16/2014 12:00:00 AM,Mrs.K VIJAYA BHARATHI,2,"M.A, M.Ed",10,25,Secondary School,Provisional,1/4/2018,31/3/2019,Gowthami Educational Society
Sloka School,3630246,TELANGANA,RANGAREDDY,Manneguda,501101,,"040-24203444 ,",,,slokainternationalschool@gmail.com,http://slokainternational.com,2013,1/6/2013 12:00:00 AM,Mrs. Yammuna,,"B.Sc , B.ED",10,8,Middle Class,Provisional,4/1/2017,31/3/2020,Sree Sloka Sai Datta treya Educational Society
SLOKA the Hyderabad Waldorf School,3630077,TELANGANA,RANGAREDDY,"Sy.No.21,Himayatnagar Village and Grampanchayat, Moinabad Mandal, Ranga Reddy Distrct",500033,,"040-65994510 ,",,,nirmaladiaz@yahoo.com,http://www.slokawaldorf.com,1997,7/3/1997 12:00:00 AM,RADHIKA,0,"M.Sc., B.Ed.",10,6,Secondary School,Provisional,1/4/2015,31/3/2019,The Education Renaissance Trust
Sree Vidyanikethan International School,3630075,TELANGANA,RANGAREDDY,"Sanskruti Township, Pocharam, Ghatkesar (M)",500088,0120,"04027196199,04027196082 ,",01202400070,,bhavanik@vidyanikethan.edu,http://www.vidyanikethan.edu,2007,6/12/2007 12:00:00 AM,K.Bhavani,2,M.A. B.Ed.,5,14,Senior Secondary,Provisional,1/4/2015,31/ 3/ 2020,Sree Vidyanikethan Educational Trust
SRI CHAITANYA HIGH SCHOOL,3630145,TELANGANA,RANGAREDDY,"PLOT.NO.A-8,ELECTRONIC COMPLEX, KUSHAIGUDA,HYDERABAD,A.P.",500062,,"9000925809 ,",,,ecil.srichaitanyaschool@gmail.com,http://www.srichaitanya.net,2013,6/3/2013 12:00:00 AM,Mrs.KARAKAVALASA SHANMUKHA RAO,0,"M.Sc,B.Ed",5,9,Secondary School,Provisional,1/4/2017,31/3/2022,NEXGEN EDUCATIONAL TRUST
sri chaitanya high school,3630160,TELANGANA,RANGAREDDY,"survey no 28, hydershakote village rajendra nagar distt rangareddy telangana",500048,040,"64634690 ,",04662209136,,suncitycbse@srichaitanyaschool.net,http://www.srichaitanyaschool.net,2013,4/1/2010 12:00:00 AM,MAHALAXMI PRAKASH,2,b.a. b.ed,26,26,Secondary School,Provisional,1/4/2015,31/3/2018,nexgen educational trust
SRI CHAITANYA TECHNO SCHOOL,3630108,TELANGANA,RANGAREDDY,"GUNDLAPOCHAMPALLY (V), MEDCHAL (M), RANGA REDDY DISTRICT, ANDHRA PRADESH",500014,02525,"040-44600600 ,",02525284744,,pksrao@ymail.com,http://www.srichaitanyatechnoschools.com,2010,6/2/2010 12:00:00 AM,Mr.P PRAVEEN KUMAR,1,"MA, BED",4,5,Senior Secondary,Provisional,1/4/2015,31/ 3/ 2018,SRI CHAITANYA EDUCATIONAL TRUST
Sri Vamshidhar High School,3630197,TELANGANA,RANGAREDDY,"Nadergul, Saroor Nagar , RR District",501510,,"08415 201610 ,",,,srivamshidharhighschool@gmail.com,http://www.srivamshidharpublicschool.in,2015,6/12/2015 12:00:00 AM,P. Gopalakrishna,0,,,10,Secondary School,Provisional,1/4/2016,31/3/2019,Kankanala Balramreddy Educational Society
St. Marys Central School,3630207,TELANGANA,RANGAREDDY,"St. Marys Central School, Koltur Road, Turkapally (Post), Shameerpet Mandal, Rangareddy (Dist), TS, Pin - 500078",500078,8454,"233933 ,",,08454 233933,stmaryscentralschoolt@gmail.com,http://www.stmaryes.com,2012,6/11/2012 12:00:00 AM,AAP BALAJI RAO,0,"B.Sc, B.Ed, B.E",15,15,Middle Class,Provisional,1/4/2017,31/3/2019,St.Marys Education Society
St. Peters High School,3630113,TELANGANA,RANGAREDDY,"Sy.No. 623, Adj. to St. Peters Engneering College, Maisammaguda, Dhullapally Post, Medchal Mandal, Rangareddy Dist. A.P",500014,,"0406450222 ,",,,tvreddy1@yahoo.co.in,,2012,4/2/2012 12:00:00 AM,Mr.K. Thomas,0,M.A. B.Ed,06,10,Secondary School,Provisional,1/4/2016,31/3/2021,ST.PETERS EDUCATIONAL SOCIETY
ST. PETERS MODEL SCHOOL,3630064,TELANGANA,RANGAREDDY,"4-7-19/63-67, RAGHAVENDRA NAGAR, NACHARAM, KAPRA MUNICIPALITY, RANGAREDDY DISTT.",500076,,"040-27177581, 27153730 ,",,040-27173558,spmshyd_india@yahoo.co.in,http://WWW.stpetersmodelschool.com,1998,6/12/1999 12:00:00 AM,SSONU IRRONI,1,"M.A., M.Ed., Ph.D",7,12,Senior Secondary,Provisional,1/4/2016,31/ 3/ 2021,Grameen Development Trust
St.Andrews School,3630151,TELANGANA,RANGAREDDY,"Survey No. 25/P, Ahmedguda Village, Keesara Mandal, RR Dist, PIN - 501 301",501301,01250,"9550 23344 ,",117066,040- 2780 0412,principal.keesara@standrewsindia.com,http://www.standrewsindia.com,2011,6/12/2012 12:00:00 AM,Mrs.Padmalaya Sharma,1,"MA, Bed",2,6,Secondary School,Provisional,1/4/2016,31/3/2019,St.Louis Education Society
St.Martins High School,3630103,TELANGANA,RANGAREDDY,"H.No. 13-69/7 Madhusudhan Nagar, Malkajgiri, Hyd",500047,,"040-27064091 ,",,040-27064032,stmartinhighschool@yahoo.in,http://www.stmartinsmalkajgiri.com,2000,6/14/2010 12:00:00 AM,Mrs.Mala Shenoy Parkal,,M.A. M.Ed,11,24,Secondary School,Provisional,1/4/2013,31/3/2016,St.Martins Childrens Educational Society
stagnes high school,3630249,TELANGANA,RANGAREDDY,"GUNDLA POCHAMPALLY , SYN NO-104, BESIDE RAILWAY STATION, MEDCHAL RANGA REDDY DISTRICT",500100,0120,"04023792557 ,",4925,,stagneshighschools@gmail.com,,1999,6/12/1999 12:00:00 AM,Mrs.A indira rani,1,M.A. M.ED,25,25,Secondary School,Provisional,4/1/2017,31/3/2020,MAMTA EDUCATION SOCIETY
Stmartins High School Miyapur,3630111,TELANGANA,RANGAREDDY,St.Martins High School Miyapur pin code no 500049,500049,,"04064636304,09949792636 ,",,8880,stmartinmiyapur@gmail.com,http://WWW.stmartinsmiyapur.com,2001,2/7/2001 12:00:00 AM,Mrs.A.PADMAVATHI,0,"M.A,B.ED",15,15,Secondary School,Provisional,1/4/2016,31/3/2021,MNEDUCATION
Suchitra Academy,3630099,TELANGANA,RANGAREDDY,"Suchitra Junction, Kompally, Qutubullapur (M), Ranga Reddy Dist. Hyderabad",500055,,"9177299900 ,",230604,,praveen.raju@suchitra.in,http://www.suchitra.in,2010,6/20/2011 12:00:00 AM,Mrs.Renu Shorey,2,"BSc, MA, BEd.",16,10,Senior Secondary,Provisional,1/4/2017,31/ 3/ 2020,Suchitra Education Trust
Sunflower Vedic School,3630223,TELANGANA,RANGAREDDY,"Survey No:-686/B,Surya Vikas,Devaryamzal,Medchal,Shameerpet Mandal",500014,,"09989561234 ,",,,svscbse15@gmail.com,http://www.sunflowervedicschool.com,2015,6/12/2015 12:00:00 AM,MissSaritha Kumar,,"M.A (Eng lit.), B.ed, MD (A.M)(Ph.d)",15,8,Secondary School,Provisional,1/4/2017,31/3/2020,Sai Sunflower Educational Society
SUPRABHAT MODEL HIGH SCHOOL,3630164,TELANGANA,RANGAREDDY,"Plot No. A, 1C, Rd. No. 1, Nacharam X, Roads",500007,,"040-27172980 ,",,040-27172980,suprabhatmodelhighschool@gmail.com,http://www.suprabhat.ac.in,2004,6/1/2004 12:00:00 AM,Mrs.R. Sudha Rani,0,"M. Sc., B. Ed.",4,7,Secondary School,Provisional,1/4/2018,31/3/2019,Sri Siddhartha Educational Trust
SURYA ACADEMY THE GLOBAL SCHOOL,3630196,TELANGANA,RANGAREDDY,SURVEY NO. 308 & 309,500090,,"040-4007 3132 ,",,040-4007 3233,PRINCIPAL.SURYAACADEMY@GMAIL.COM,http://www.suryaacademy.com,2013,6/22/2013 12:00:00 AM,Mrs.M.C.DHARITHRI,,"M.COM, B.ED",08,15,Secondary School,Provisional,1/4/2016,31/3/2019,BDR Educational Society
T.I.M.E SCHOOL,3630159,TELANGANA,RANGAREDDY,"Sy.no. 30(p), Bandlaguda jagir village, Rajendar Nagar, Ranga Reddy Dist.,",500082,,"04065161281 ,",7674920222,,bandlaguda@timeschools.com,http://www.timeschools.com,2014,6/2/2014 12:00:00 AM,Mrs.Suthaja Ramanujam,0,"B.Sc, B.Ed",10,17,Secondary School,Provisional,1/4/2018,31/3/2023,Aparajita Educational Society
T.I.M.E SCHOOL,3630139,TELANGANA,RANGAREDDY,"Sy.No. 220(p), 221(p), Kandlakoya Village, Medchal Mandal.",501401,,"08418200190 ,",887051429,,kandlakoya@timeschools.com,http://www.timeschools.com,2013,6/10/2013 12:00:00 AM,Mrs.vijaya sudhakar,0,"B.Sc ( Honos), M.A, B.Ed",17,18,Secondary School,Provisional,1/4/2017,31/3/2022,Aparajita Educational Society
TEJASVI VIDYARANYA,3630061,TELANGANA,RANGAREDDY,"PLOT NO.843/1, KORREMULA VILLAGE, CHOWDHURYGUDA GHATKESAR MANDAL",500017,0120,"040-65274757 ,",4778620,,anandtejasvi@gmail.com,,1997,6/12/1997 12:00:00 AM,K. BHAVANI,2,"MA, B.Sc., B.Ed",5,11,Secondary School,Provisional,1/4/2016,31/3/2021,SUMAN EDUCATIONAL ACADEMY
The Creek Planet School,3630098,TELANGANA,RANGAREDDY,"Bowrampet, Qutubullapur Mandal, Rangareddy Dist. AP",500043,0471,"04064580077 ,",445962,04064581177,info@thecrekschool.com,http://www.thecreekschool.com,2008,6/2/2009 12:00:00 AM,Padmaja Paturi,1,M.A.B.Ed,5,17,Secondary School,Provisional,1/4/2015,31/3/2020,Futurastric Educational Society
THE CREEK PLANET SCHOOL - VENUS CAMPUS,3630228,TELANGANA,RANGAREDDY,"Sy.No:536/P, Opp: VNR Vignan Jyothi Engg. College, Bachupally,",500043,040,"640581223 ,",,,principal.venus@thecreekplanetschool.com,http://www.thecreekschool.com,2014,6/11/2015 12:00:00 AM,B SAPNA SASTRY,,"M.A, B.Ed",04,13,Secondary School,Provisional,1/4/2017,31/3/2020,SEENAIAH EDUCATIONAL SOCIETY
THE GLOBAL EDGE SCHOOL,3630161,TELANGANA,RANGAREDDY,"Sy No. 1052, Behind Plot No. 303 to 306, Road No. 4, KPHB Phase 1&2, Kukatpalli, Hyderabad - 500075",500075,,"04065555590 ,",,,kukatpally@globaledgeschool.com,http://www.globaledgeschool.com/,2012,6/6/2012 12:00:00 AM,Mrs.M. NANDI,0,"M.A., B.Ed.",3,8,Secondary School,Provisional,1/4/2018,31/3/2023,MBR EDUCATIONAL SOCIETY
THE INDO ENGLISH HIGH SCHOOL,3630146,TELANGANA,RANGAREDDY,"SWARNAPURI, HMT IV VENTURE MIYAPUR RANGA REDDY DIST",500049,,"04065870320 ,",,,ratnam@mnrk12.com,,2002,7/15/2002 12:00:00 AM,Mr.P K CHANDRA SHEKAR,2,B SC B ED,15,20,Secondary School,Provisional,1/4/2017,31/3/2022,MNR EDUCATIONAL TRUST
Unicent School,3630156,TELANGANA,RANGAREDDY,"Sy. No - 155/156, Doolapally Road, Kompally",500100,,"9000245888 ,",,,sunil@edumission.in,http://www.unicentkompally.in,2012,6/25/2012 12:00:00 AM,Mrs.J Shyamala,0,"MA, B.Ed, MBA (Edu Admin)",8,17,Secondary School,Provisional,1/4/2018,31/3/2023,KBR Foundation
unicent school,3630132,TELANGANA,RANGAREDDY,"25p, vanasthali hills, thattikhana, thattiannaram village, hayathnagar mandal, rr dist",501505,,"04030261818 ,",,,principal@unicentnagole.in,http://unicentnagole.in,2009,6/8/2009 12:00:00 AM,mrs.rachna bhattacharjee,0,"msc, b.ed, ma (eid)",14,20,Secondary School,Provisional,1/4/2017,31/3/2022,kantheti ravindra babu educational society
UNICENT SCHOOL,3630253,TELANGANA,RANGAREDDY,"3-53/C, SURVEY NO. 506-510, BOWRAMPET VILLAGE",500043,4637,"8019000441 ,",,,principal@unicentmiyapur.in,http://unicent.in/bachupally/,2016,6/1/2016 12:00:00 AM,MR. VADDI VENKATA SESHU,1,"M.Sc, B.Ed",13,25,Secondary School,Provisional,1/4/2018,31/3/2021,GAYATHRI EDUCATIONAL SOCIETY
Vidyanjali Grammar School,3630195,TELANGANA,RANGAREDDY,H.No.9/3/6 Doctors Colony L.B.Nagar,500041,040,"24031336 ,",,,anuvajpeyas@gmail.com,http://www.vgsedu.com,2001,6/12/2001 12:00:00 AM,V Anupama,0,"M A (PHILOSOPHY, M A (ENGLISH), B.Ed.",3,29,Secondary School,Provisional,1/4/2016,31/3/2019,Vidya Niketan Educational Academy
VIGNAN GLOBAL GEN SCHOOL,3630270,TELANGANA,RANGAREDDY,"VIGNAN GLOBAL GEN SCHOOL NANDAREDDY SITE ATHEVELLI(V) NEAR SANTHA BIOTECH MEDCHAL,RR DIST.HYD",501401,,"040 ,",,,nareshpaddu@gmail.com,,2013,6/12/2013 12:00:00 AM,MRS. S.PADMAVALLI,1,MSC BED,10,15,Secondary School,Provisional,1/4/2018,31/3/2021,LAVU EDUCATIONAL SOCIETY
Vijetha High School,3630224,TELANGANA,RANGAREDDY,"13-1-55,Panduranga Nagar",500018,040,"23838588 ,",,,padmajaseethamraju@yahoo.com,http://www.vijethaschool.com,1993,6/1/1993 12:00:00 AM,Padmaja Seethamraju,,"M.Sc(Mathematical Statistics) -OR, B.Ed",7,18,Secondary School,Provisional,1/4/2017,31/3/2020,Vodithala Education Society
BALAJI HIGH SCHOOL,3630221,TELANGANA,WARANGAL,LAKNEPALLY,506133,9187,"8978954224 ,",,,rpbts@yahoo.com,http://www.btswgl.in,2010,6/12/2010 12:00:00 AM,P RAJENDRA PRASAD,,"M.Sc, B.Ed",10,15,Secondary School,Provisional,1/4/2017,31/3/2020,MAHESHWARA EDUCATIONAL SOCIETY
Ekashila High School,3630198,TELANGANA,WARANGAL,"KHAMMAM HIGHWAY ROAD, PUNNEL (V) WARDHANNAPET (M) WARANGAL (DIST) TELANGANA - 506310",506310,91,"8790882727 ,",04602,,ekashilaco@gmail.com,,2011,6/12/2011 12:00:00 AM,GOURU THIRUPATHI REDDY,2,"B.Sc., B.Ed",12,15,Secondary School,Provisional,1/4/2019,31/3/2024,Thirumala Ekashila Educational Society
Ekashila High School,3630203,TELANGANA,WARANGAL,"H.No.: 3-81 KITS COLLEGE ROAD, PEMBARTHY (V) HASANPARTHY (M) WARANGAL (DIST) TELANGANA - 506371",506371,,"08706565765 ,",,,suvijareddych@gmail.com,,2005,6/12/2005 12:00:00 AM,Mr.Gouru Thirupathi Reddy,0,"B.Sc., B.Ed",12,15,Secondary School,Provisional,1/4/2019,31/3/2024,Ekashila Educational Society
GREENWOOD HIGH SCHOOL,3630081,TELANGANA,WARANGAL,"#10-69/1,Near KITS,Erragattugutta",506015,,"08702564267 ,",,,gbngreenwood@gmail.com,,2003,6/12/2003 12:00:00 AM,S.Y.JAGGAPPA DORA,0,"M.A.,M.Ed.,",6,6,Secondary School,Provisional,1/4/2013,31/3/2018,AKARSHMANASA EDUCATIONAL SOCIETY
JAWAHAR NAVODAYA VIDYALAYA,3640008,TELANGANA,WARANGAL,MAMNOOR WARANGAL ANDHRA PRADESH,506166,08712,"89373 ,",57454,,,,1992,3/31/2012 12:00:00 AM,K SADAGOPAN,1,,,,Senior Secondary,Provisional,1/4/2019,31/ 3/ 2020,NAVODAYA VIDYALAYA SAMITI
KENDRIYA VIDYALAYA,3600017,TELANGANA,WARANGAL,"WARANGAL, MADIKONDA, HANAMKONDA MANDAL, DISTT. WARANGAL, ANDHRA PRADESH",506142,0870,"2100455 ,",,,,,1986,1/25/2009 12:00:00 AM,M. SURENDER REDDY,1,,,,Senior Secondary,Provisional,1/4/2019,31/ 3/ 2020,KENDRIYA VIDYALAYA SANGATHAN
kendriya vidyalaya,3600024,TELANGANA,WARANGAL,"nandamuri nagar colony, mahabudabad warangal dt. telangana-506 101",,,",",,,,,1994,10/18/2018 12:00:00 AM,.,0,,,,Secondary School,Provisional,1/4/2018,31/3/2020,kendriya vidyalaya sangathan
LEAD INDIA SCHOOL,3630243,TELANGANA,WARANGAL,"23-6-202/5, Hunter Road,Shyampet, Hanamkonda, Warangal (TS)",506001,,"9866101718 ,",,,challaraghu4srv@gmail.com,http://www.leadindiaschool.com,2011,6/13/2011 12:00:00 AM,Mr.Challa Raghunath Reddy,,"M.A., B.Ed, M.Phil, LLB",15,22,Secondary School,Provisional,4/1/2017,31/3/2020,Samskrutee Educational Society
Lotus National School,3630060,TELANGANA,WARANGAL,"Gautham Nagar Near Doctors colony opp: koti cheruvu,Mulugu Road",506011,08548,"08706589469 ,",543373,,admin@lotusschool.in,http://www.lotusnationalschool.com,2003,1/1/2004 12:00:00 AM,Mahalakshmi ml,1,"BSc,BEd",8,7,Secondary School,Provisional,1/4/2016,31/3/2021,LOTUS LEARNINGSYSTEMSOCIETY
MILLENNIUM HIGH SCHOOL,3630176,TELANGANA,WARANGAL,G P House no 3-140/1 PO Post.Mucherla Mdl;Hasanparthy Dist.Warangal Teangana Pin-506015,506015,,"08702830206 ,",,,millenniumhighschoolwgl@gmail.com,http://www.mhswgl.edupage.org,2002,6/1/2002 12:00:00 AM,MR. MARIYA VARA PRASAD J.,1,"M.Sc., B.Ed.",8,14,Senior Secondary,Provisional,1/4/2018,31/ 3/ 2021,VIDYA VIKAS EDUCATIONAL SOCIETY
New Creation - A Free Progress School,3630260,TELANGANA,WARANGAL,"Matridarshan Trust, Champak Hills, Village Pasaramadla",506201,,"9177533369 ,",,,newcreationfps@gmail.com,http://www.newcreationschool.org,2013,6/1/2015 12:00:00 AM,MR. PRASANT KUMAR DAS,1,M.Phil,2,23,Secondary School,Provisional,1/4/2018,31/3/2021,Matridarshan Trust
OASIS PUBLIC SCHOOL,3630250,TELANGANA,WARANGAL,"11-23-2356, Deshaipet Road",506002,,"08702420984 ,",,,oasispsindia@yahoo.co.in,http://www.oasispublicschool.com,2012,6/12/2012 12:00:00 AM,Dr.J.S.Paranjyothi,,"MA, M.Ed, M.Phil",30,30,Secondary School,Provisional,1/4/2018,31/3/2021,Oasis Education Society
Sparkrill International School,3630074,TELANGANA,WARANGAL,"Ananthasagar(V), Hasanparthy(M), Warangal.",506371,,"08702818387 ,",,08702818456,info@sparkrillintl.com,http://www.sparkrillintl.com,2007,6/4/2008 12:00:00 AM,Sudripta Tagore,0,B.Ed,5,10,Senior Secondary,,Senior Secondary,,Senior Secondary
SR PRIME SCHOOL,3630233,TELANGANA,WARANGAL,"HNo: 60-1-206/1, Battupally Road, Shyampet Jagir, HANAMKONDA",506003,91,"9177998421 ,",,,srprimeschoolwgl@gmail.com,,2016,6/13/2016 12:00:00 AM,RAJITHA,,"M.Sc., M.Ed",15,20,Secondary School,Provisional,1/4/2017,31/3/2020,Sri Rajeshwara Educaional Society
SRINIVASA RAMANUJAN HIGH SCHOOL,3030227,TELANGANA,WARANGAL,"26-3-314, SR NAGAR, UNIKICHERLA ROAD, HANAMKONDA",506370,,"9246895248 ,",,,srcs.hnk@gmail.com,http://www.srcshnk.com,2005,10/31/2005 12:00:00 AM,Mr.MD. RASHEED KHAN,,"M.A., B.Ed.,",10,16,Secondary School,Provisional,1/4/2017,31/3/2020,SRI VENKATESHWARA SRINIVASA RAMANUJAN EDUCATIONAL SOCIETY
ST. PETER'S CENTRAL PUBLIC SCHOOL,3630016,TELANGANA,WARANGAL,HANAMKONDA WARANGAL DISTT. ANDHRA PRADESH,506001,08712,"79118 ,",75751,,,,1989,6/25/2007 12:00:00 AM,G MATHYAS REDDY,1,,,,Senior Secondary,Provisional,1/4/2016,31/ 3/ 2021,ST.PETERS EDUCATIONAL ASSOCIATION
St.Peter's Edu School,3630076,TELANGANA,WARANGAL,"H.No. 2-4-1211, Near T.V. Tower, Vidyanagar, Hanamkonda, Warangal-506001.",506001,,"0870-2456388 ,",,0870-2567304,narayanareddynarra@yahoo.com,www.stpetershnkd.ac.in,1980,6/12/1980 12:00:00 AM,D. Shashikantha rao,0,"M.A., B.Ed.",6,10,Senior Secondary,Provisional,1/4/2018,31/ 3/ 2020,St.Peter''s Educational Association
"St.Peters High School, Church Campus Old",3630179,TELANGANA,WARANGAL,"Church Campus, Old Bus Depot Hanamkonda",506001,,"0870-2579118 ,",,,gopujayapalreddywg@gmail.com,,1997,6/12/1997 12:00:00 AM,Mr.Gopu Jayapal Reddy,0,"M.A, M.ed",25,25,Secondary School,Provisional,1/4/2018,31/3/2023,J.M.J. EDUCATIONAL SOCIETY
TEJASWI HIGH SCHOOL,3630232,TELANGANA,WARANGAL,"10-69/4, ERRAGATTU, HASANPARTHY, WARANGAL.",506015,,"08702574110 ,",,,tejaswihs2002@gmail.com,,2004,4/1/2004 12:00:00 AM,Mr.REVOORI BHAGAVAN REDDY,,MSc B.Ed,10,10,Secondary School,Provisional,1/4/2017,31/3/2020,SRI SRINIVASA EDUCATIONAL SOCIETY
WARANGAL PUBLIC SCHOOL,3630015,TELANGANA,WARANGAL,HUNTER ROAD SUBEDARI (P.O) HANAMKONDA WARANGAL DIST ANDHRA PRADESH,506001,08712,"77850 , 77889",77709,01668-229327,warangalpublicschool@yahoo.com,,1983,4/1/2005 12:00:00 AM,V NAGESWARA RAO,1,"M.A., B.Ed., D. PHARMACY",08,5,Secondary School,Provisional,1/4/2018,31/3/2019,EKASILA EDUCATION SOCIETY
